model,index,group,audio_path,text,prediction,latency_ms
whisper-small,0,slurp_news,audio/open_source/what is the exchange rate of us dollar to pound sterling.wav,what is the exchange rate of us dollar to pound sterling, What is the exchange rate of US dollar to pound sterling?,1889.2
whisper-small,1,slurp_news,audio/open_source/what is the exchange rate of us dollar to pound sterling 2.wav,what is the exchange rate of us dollar to pound sterling, What is the exchange rate of US dollar to Panster?,115.5
whisper-small,2,slurp_news,audio/open_source/find me info on cars.wav,find me info on cars, Find me in phone calls.,79.8
whisper-small,3,slurp_news,audio/open_source/find me info on cars 2.wav,find me info on cars," Finally, involved cars.",86.2
whisper-small,4,slurp_news,audio/open_source/find me info on cars 3.wav,find me info on cars, Find me in for a cause.,70.8
whisper-small,5,slurp_news,audio/open_source/find me info on cars 4.wav,find me info on cars, Find me even for one cause.,79.0
whisper-small,6,slurp_news,audio/open_source/get me the popular news from bbc.wav,get me the popular news from bbc, Get me the popular news from BBC.,79.9
whisper-small,7,slurp_news,audio/open_source/get me the popular news from bbc 2.wav,get me the popular news from bbc, Get me the popular news from BBC.,81.7
whisper-small,8,slurp_news,audio/open_source/set notification from world news.wav,set notification from world news, Sad notification from World News.,64.4
whisper-small,9,slurp_news,audio/open_source/set notification from world news 2.wav,set notification from world news, stands notification from world news.,71.0
whisper-small,10,slurp_news,audio/open_source/i want to hear the last news from cnn.wav,i want to hear the last news from cnn, I want to hear the last news from CNN.,83.2
whisper-small,11,slurp_news,audio/open_source/i want to hear the last news from cnn 2.wav,i want to hear the last news from cnn, I want to hear the last news from CNN.,81.9
whisper-small,12,slurp_news,audio/open_source/i want to hear the last news from cnn 3.wav,i want to hear the last news from cnn, I want to hear the last news from CNN.,82.8
whisper-small,13,slurp_news,audio/open_source/i want to hear the last news from cnn 4.wav,i want to hear the last news from cnn, I want to hear the last news from CNN.,83.6
whisper-small,14,slurp_news,audio/open_source/i want to know everything that breaks about the dam breaking in california.wav,i want to know everything that breaks about the dam breaking in california, I want you to know everything that rests about the day of breaking in on the phone here.,124.9
whisper-small,15,slurp_news,audio/open_source/show me news about the environment.wav,show me news about the environment, Show me news about the environment.,68.3
whisper-small,16,slurp_news,audio/open_source/show me news about the environment 2.wav,show me news about the environment, Show me news about the environment.,69.7
whisper-small,17,slurp_news,audio/open_source/tell me about the new foreign policy of trump.wav,tell me about the new foreign policy of trump, Tell me about the new foreign policy of Trump.,84.5
whisper-small,18,slurp_news,audio/open_source/tell me about the new foreign policy of trump 2.wav,tell me about the new foreign policy of trump, Tell me about the new foreign policy of law.,97.5
whisper-small,19,slurp_news,audio/open_source/here's the truth about meals on wheels in someone's budget.wav,here's the truth about meals on wheels in someone's budget, Here's the truth about meals and wheels in someone's budget.,102.2
whisper-small,20,slurp_news,audio/open_source/here's the truth about meals on wheels in someone's budget 2.wav,here's the truth about meals on wheels in someone's budget, Here's the truth about meals on wheels and someone's budget.,98.4
whisper-small,21,slurp_news,audio/open_source/here's the truth about meals on wheels in someone's budget 3.wav,here's the truth about meals on wheels in someone's budget, Here's a trace about meals on wheels and someone's budget.,98.1
whisper-small,22,slurp_news,audio/open_source/here's the truth about meals on wheels in someone's budget 4.wav,here's the truth about meals on wheels in someone's budget, Here's the truth about mills or bills in someone's budget.,101.1
whisper-small,23,slurp_news,audio/open_source/here's the truth about meals on wheels in someone's budget 5.wav,here's the truth about meals on wheels in someone's budget, Here's the truth about mills and some of its budget.,95.3
whisper-small,24,slurp_news,audio/open_source/what's happening around the world.wav,what's happening around the world, What's happening around the world?,70.4
whisper-small,25,slurp_news,audio/open_source/what's happening around the world 2.wav,what's happening around the world, What's happening around the world?,65.9
whisper-small,26,slurp_news,audio/open_source/what's happening around the world 3.wav,what's happening around the world, around the world.,70.2
whisper-small,27,slurp_news,audio/open_source/what's happening around the world 4.wav,what's happening around the world, what's happening around the world.,71.1
whisper-small,28,slurp_news,audio/open_source/what's happening around the world 5.wav,what's happening around the world, What's happening around the world?,72.1
whisper-small,29,slurp_news,audio/open_source/what's happening around the world 6.wav,what's happening around the world, What's happening around the world?,71.2
whisper-small,30,slurp_news,audio/open_source/what's sensational in time of india.wav,what's sensational in time of india, What sensation in time have been,69.0
whisper-small,31,slurp_news,audio/open_source/what's sensational in time of india 2.wav,what's sensational in time of india, What sensation in time would be?,71.8
whisper-small,32,slurp_news,audio/open_source/what's sensational in time of india 3.wav,what's sensational in time of india, What's sensational in time of India?,78.0
whisper-small,33,slurp_news,audio/open_source/what's sensational in time of india 4.wav,what's sensational in time of india, was sensational in time of India.,76.8
whisper-small,34,slurp_news,audio/open_source/what's sensational in time of india 5.wav,what's sensational in time of india, What's sensational in time of India?,75.5
whisper-small,35,slurp_news,audio/open_source/what's sensational in time of india 6.wav,what's sensational in time of india, What's sensational in China with India?,77.0
whisper-small,36,slurp_news,audio/open_source/tell me some business news.wav,tell me some business news, Tell me something with the news.,70.1
whisper-small,37,slurp_news,audio/open_source/tell me some business news 2.wav,tell me some business news, Tell me something is the news.,80.1
whisper-small,38,slurp_news,audio/open_source/tell me some business news 3.wav,tell me some business news, Tell me some business news.,66.3
whisper-small,39,slurp_news,audio/open_source/tell me some business news 4.wav,tell me some business news, Tell me some business news.,69.2
whisper-small,40,slurp_news,audio/open_source/tell me some business news 5.wav,tell me some business news, Tell me some business news.,67.2
whisper-small,41,slurp_news,audio/open_source/tell me some business news 6.wav,tell me some business news, Tell me some business news.,63.9
whisper-small,42,slurp_news,audio/open_source/tell me some business news 7.wav,tell me some business news, Tell me some business news.,66.9
whisper-small,43,slurp_news,audio/open_source/keep me informed about bitcoin price.wav,keep me informed about bitcoin price, Kimmy informed about Bitcoin price.,84.0
whisper-small,44,slurp_news,audio/open_source/keep me informed about bitcoin price 2.wav,keep me informed about bitcoin price, Can we inform about become press?,70.0
whisper-small,45,slurp_news,audio/open_source/keep me informed about bitcoin price 3.wav,keep me informed about bitcoin price, Keep me informed about Bitcoin price.,76.0
whisper-small,46,slurp_news,audio/open_source/keep me informed about bitcoin price 4.wav,keep me informed about bitcoin price," Keep me in full about Bitcoin, right?",76.8
whisper-small,47,slurp_news,audio/open_source/keep me informed about bitcoin price 5.wav,keep me informed about bitcoin price, Keep me informed about Bitcoin price.,74.4
whisper-small,48,slurp_news,audio/open_source/keep me informed about bitcoin price 6.wav,keep me informed about bitcoin price, Can we inform about a bitcoming price?,84.9
whisper-small,49,slurp_news,audio/open_source/what's the latest news on cnn.wav,what's the latest news on cnn, What's the latest news on the end?,78.4
whisper-small,50,slurp_ecommerce,audio/open_source/take out the milk from the shopping list.wav,take out the milk from the shopping list, Take out the milk from the shopping list.,81.2
whisper-small,51,slurp_ecommerce,audio/open_source/take out the milk from the shopping list 2.wav,take out the milk from the shopping list, They have the milk from the shopping list.,80.8
whisper-small,52,slurp_ecommerce,audio/open_source/say the list.wav,say the list, Save the list.,57.7
whisper-small,53,slurp_ecommerce,audio/open_source/say the list 2.wav,say the list, Save the list.,58.7
whisper-small,54,slurp_ecommerce,audio/open_source/say the list 3.wav,say the list, Say the least.,55.4
whisper-small,55,slurp_ecommerce,audio/open_source/i have my clothes list.wav,i have my clothes list, I have my closed list.,64.0
whisper-small,56,slurp_ecommerce,audio/open_source/i have my clothes list 2.wav,i have my clothes list, I have my closed list.,68.6
whisper-small,57,slurp_ecommerce,audio/open_source/what items are on my shopping list.wav,what items are on my shopping list, But items are on my shopping list.,75.0
whisper-small,58,slurp_ecommerce,audio/open_source/what items are on my shopping list 2.wav,what items are on my shopping list, What items are on my shopping list?,73.4
whisper-small,59,slurp_ecommerce,audio/open_source/remind me of how many lists i have.wav,remind me of how many lists i have, Remind me of how many lists I have.,86.3
whisper-small,60,slurp_ecommerce,audio/open_source/remind me of how many lists i have 2.wav,remind me of how many lists i have, Remind me of how many lists I have.,84.2
whisper-small,61,slurp_ecommerce,audio/open_source/remind me of how many lists i have 3.wav,remind me of how many lists i have, Remind me of how many lists I have.,82.5
whisper-small,62,slurp_ecommerce,audio/open_source/remind me of how many lists i have 4.wav,remind me of how many lists i have, Remind me of how many lists I have.,89.6
whisper-small,63,slurp_ecommerce,audio/open_source/add business contacts to contact list.wav,add business contacts to contact list, and business contacts to contact the list.,73.4
whisper-small,64,slurp_ecommerce,audio/open_source/add business contacts to contact list 2.wav,add business contacts to contact list, and business contacts to contact with.,70.0
whisper-small,65,slurp_ecommerce,audio/open_source/please find all name start with alphabetic of a and create a list.wav,please find all name start with alphabetic of a and create a list, Please find all the name starts with alphabetical and create a list,106.6
whisper-small,66,slurp_ecommerce,audio/open_source/delete item.wav,delete item, delete item,52.9
whisper-small,67,slurp_ecommerce,audio/open_source/delete item 2.wav,delete item, delete item,55.5
whisper-small,68,slurp_ecommerce,audio/open_source/delete item 3.wav,delete item, The late item.,59.2
whisper-small,69,slurp_ecommerce,audio/open_source/delete item 4.wav,delete item, Delate items.,56.6
whisper-small,70,slurp_ecommerce,audio/open_source/delete item 5.wav,delete item, Delete item.,53.7
whisper-small,71,slurp_ecommerce,audio/open_source/delete item 6.wav,delete item, delete item,54.2
whisper-small,72,slurp_ecommerce,audio/open_source/delete item 7.wav,delete item, delete item,53.0
whisper-small,73,slurp_ecommerce,audio/open_source/delete item 8.wav,delete item, delete item,53.3
whisper-small,74,slurp_ecommerce,audio/open_source/delete item 9.wav,delete item, delete item,54.4
whisper-small,75,slurp_ecommerce,audio/open_source/delete item 10.wav,delete item, The late item.,66.2
whisper-small,76,slurp_ecommerce,audio/open_source/delete item 11.wav,delete item, delete item,54.7
whisper-small,77,slurp_ecommerce,audio/open_source/delete item 12.wav,delete item," It leaves, I tell you.",70.0
whisper-small,78,slurp_ecommerce,audio/open_source/delete item 13.wav,delete item, delete item,54.1
whisper-small,79,slurp_ecommerce,audio/open_source/delete item 14.wav,delete item, Then they bite him.,64.8
whisper-small,80,slurp_ecommerce,audio/open_source/delete item 15.wav,delete item, delete item,52.0
whisper-small,81,slurp_ecommerce,audio/open_source/delete item 16.wav,delete item, delete item,55.2
whisper-small,82,slurp_ecommerce,audio/open_source/delete item 17.wav,delete item, Elite item,58.0
whisper-small,83,slurp_ecommerce,audio/open_source/delete item 18.wav,delete item, village Aithe.,62.8
whisper-small,84,slurp_ecommerce,audio/open_source/delete item 19.wav,delete item, Delete item.,51.2
whisper-small,85,slurp_ecommerce,audio/open_source/delete item 20.wav,delete item, delete item,54.1
whisper-small,86,slurp_ecommerce,audio/open_source/delete item 21.wav,delete item, delete the item,60.6
whisper-small,87,slurp_ecommerce,audio/open_source/delete item 22.wav,delete item, They leave the eyes.,65.4
whisper-small,88,slurp_ecommerce,audio/open_source/add detergent to the list of things i need to buy.wav,add detergent to the list of things i need to buy, I'm detergent to the list of things I need to buy.,102.0
whisper-small,89,slurp_ecommerce,audio/open_source/add detergent to the list of things i need to buy 2.wav,add detergent to the list of things i need to buy, I detergent to the list of things I need to buy.,104.8
whisper-small,90,slurp_ecommerce,audio/open_source/add detergent to the list of things i need to buy 3.wav,add detergent to the list of things i need to buy, I just added to the list of things I need to buy.,98.0
whisper-small,91,slurp_ecommerce,audio/open_source/olly clear the list.wav,olly clear the list, Only clear the list.,66.4
whisper-small,92,slurp_ecommerce,audio/open_source/olly does shibaru sushi deliver.wav,olly does shibaru sushi deliver, Oly does shebarra should she deliver.,85.5
whisper-small,93,slurp_ecommerce,audio/open_source/olly does shibaru sushi deliver 2.wav,olly does shibaru sushi deliver," Ollie, does Shibaru sushi deliver?",90.0
whisper-small,94,slurp_ecommerce,audio/open_source/olly does shibaru sushi deliver 3.wav,olly does shibaru sushi deliver," Ollie, does Shibaru sushi deliver?",101.2
whisper-small,95,slurp_ecommerce,audio/open_source/olly does shibaru sushi deliver 4.wav,olly does shibaru sushi deliver," Ollie, does Shiburu sushi deliver?",97.2
whisper-small,96,slurp_ecommerce,audio/open_source/olly does shibaru sushi deliver 5.wav,olly does shibaru sushi deliver, Only the shipperoo sushi deliver.,74.2
whisper-small,97,slurp_ecommerce,audio/open_source/add this to the list.wav,add this to the list, I've missed the list.,65.1
whisper-small,98,slurp_ecommerce,audio/open_source/is the last order is ready.wav,is the last order is ready, Is the last order is ready?,77.1
whisper-small,99,slurp_ecommerce,audio/open_source/is the last order is ready 2.wav,is the last order is ready, Is the last order is ready?,79.3
whisper-small,100,recorded_clean_news,audio/recorded/clean/Any recent news about NASA?.wav,Any recent news about NASA?, Any recent news about NASA?,71.9
whisper-small,101,recorded_clean_ecommerce,audio/recorded/clean/Find me some shoes similar to Elon Musk.wav,Find me some shoes similar to Elon Musk, Find me some shoes similar to a lawn musk.,95.4
whisper-small,102,recorded_clean_ecommerce,audio/recorded/clean/Get me some Nike shoes from Amazon.wav,Get me some Nike shoes from Amazon, Get me some Nike shoes from Amazon.,82.2
whisper-small,103,recorded_clean_news,audio/recorded/clean/Give me news about Trump at UN.wav,Give me news about Trump at UN, Give me news about Trump at UN.,80.9
whisper-small,104,recorded_clean_ecommerce,audio/recorded/clean/Looking for some good office chair.wav,Looking for some good office chair, Looking for some good office share.,73.8
whisper-small,105,recorded_clean_news,audio/recorded/clean/Show me some news about Trump.wav,Show me some news about Trump, Show me some news about Trump.,73.6
whisper-small,106,recorded_clean_ecommerce,audio/recorded/clean/Show me some t-shirts from Amazon.com.wav,Show me some t-shirts from Amazon.com, Show me some t-shirts from Amazon.com,92.5
whisper-small,107,recorded_clean_ecommerce,audio/recorded/clean/Show me some wireless headphones from eBay.wav,Show me some wireless headphones from eBay, Show me some wireless headphones from eBay.,75.6
whisper-small,108,recorded_clean_news,audio/recorded/clean/Tell me some latest news about Barack Obama.wav,Tell me some latest news about Barack Obama, Tell me some latest news about Barack Obama.,89.2
whisper-small,109,recorded_clean_news,audio/recorded/clean/Trump news.wav,Trump news, Trump news,51.7
whisper-small,110,recorded_clean_news,audio/recorded/clean/Well tell me some news about Tom Cruise.wav,Well tell me some news about Tom Cruise, Well tell me some news about Tom Cruise.,83.4
whisper-small,111,recorded_clean_news,audio/recorded/clean/What's happening at Washington DC these days?.wav,What's happening at Washington DC these days?, What's happening at Washington DC these days?,95.3
whisper-small,112,recorded_clean_news,audio/recorded/clean/What's the news about Apple's new iPhone?.wav,What's the news about Apple's new iPhone?, What's the news about Apple's new iPhone?,89.9
whisper-small,113,recorded_clean_news,audio/recorded/clean/What's up with Trump these days?.wav,What's up with Trump these days?, What's up with Trump these days?,78.0
whisper-small,114,recorded_clean_ecommerce,audio/recorded/clean/show me some adidas running shoes.wav,show me some adidas running shoes, Show me some editors and running shoes.,80.7
whisper-small,115,recorded_noisy_news,audio/recorded/noisy/Any recent news about NASA?_Claps & Cheers_-5.wav,Any recent news about NASA?, Any recent news about NASA?,91.3
whisper-small,116,recorded_noisy_news,audio/recorded/noisy/Any recent news about NASA?_Claps & Cheers_0.wav,Any recent news about NASA?, Any recent news about NASA?,77.5
whisper-small,117,recorded_noisy_news,audio/recorded/noisy/Any recent news about NASA?_Claps & Cheers_10.wav,Any recent news about NASA?, Any recent news about NASA?,73.7
whisper-small,118,recorded_noisy_news,audio/recorded/noisy/Any recent news about NASA?_Claps & Cheers_5.wav,Any recent news about NASA?, Any recent news about NASA?,71.9
whisper-small,119,recorded_noisy_news,audio/recorded/noisy/Any recent news about NASA?_Retail Ambient Noise_-5.wav,Any recent news about NASA?, Many things may be cool or not so.,102.5
whisper-small,120,recorded_noisy_news,audio/recorded/noisy/Any recent news about NASA?_Retail Ambient Noise_0.wav,Any recent news about NASA?, Any decent news about NASA?,69.2
whisper-small,121,recorded_noisy_news,audio/recorded/noisy/Any recent news about NASA?_Retail Ambient Noise_10.wav,Any recent news about NASA?, Any recent news about NASA?,71.4
whisper-small,122,recorded_noisy_news,audio/recorded/noisy/Any recent news about NASA?_Retail Ambient Noise_5.wav,Any recent news about NASA?, Any recent news about NASA?,73.1
whisper-small,123,recorded_noisy_news,audio/recorded/noisy/Any recent news about NASA?_Traffic & Wind_-5.wav,Any recent news about NASA?, Many recent news about NASA,68.0
whisper-small,124,recorded_noisy_news,audio/recorded/noisy/Any recent news about NASA?_Traffic & Wind_0.wav,Any recent news about NASA?, Many recent news about NASA,70.3
whisper-small,125,recorded_noisy_news,audio/recorded/noisy/Any recent news about NASA?_Traffic & Wind_10.wav,Any recent news about NASA?, Any recent news about NASA?,72.1
whisper-small,126,recorded_noisy_news,audio/recorded/noisy/Any recent news about NASA?_Traffic & Wind_5.wav,Any recent news about NASA?, Any recent news about NASA?,74.3
whisper-small,127,recorded_noisy_ecommerce,audio/recorded/noisy/Find me some shoes similar to Elon Musk_Claps & Cheers_-5.wav,Find me some shoes similar to Elon Musk, Mine may sound true similar to Elon Musk.,83.4
whisper-small,128,recorded_noisy_ecommerce,audio/recorded/noisy/Find me some shoes similar to Elon Musk_Claps & Cheers_0.wav,Find me some shoes similar to Elon Musk, Fine made some shoes similar to Elon Musk.,82.6
whisper-small,129,recorded_noisy_ecommerce,audio/recorded/noisy/Find me some shoes similar to Elon Musk_Claps & Cheers_10.wav,Find me some shoes similar to Elon Musk, Find me some shoes similar to Elon Musk.,96.3
whisper-small,130,recorded_noisy_ecommerce,audio/recorded/noisy/Find me some shoes similar to Elon Musk_Claps & Cheers_5.wav,Find me some shoes similar to Elon Musk, Find me some shoes similar to Elon Musk.,95.0
whisper-small,131,recorded_noisy_ecommerce,audio/recorded/noisy/Find me some shoes similar to Elon Musk_Retail Ambient Noise_-5.wav,Find me some shoes similar to Elon Musk," Right now I'm sure, so it's similar to the one once in a second.",114.4
whisper-small,132,recorded_noisy_ecommerce,audio/recorded/noisy/Find me some shoes similar to Elon Musk_Retail Ambient Noise_0.wav,Find me some shoes similar to Elon Musk, Find me something similar to it all once.,89.1
whisper-small,133,recorded_noisy_ecommerce,audio/recorded/noisy/Find me some shoes similar to Elon Musk_Retail Ambient Noise_10.wav,Find me some shoes similar to Elon Musk, Find me some shoes similar to Elon Musk.,88.5
whisper-small,134,recorded_noisy_ecommerce,audio/recorded/noisy/Find me some shoes similar to Elon Musk_Retail Ambient Noise_5.wav,Find me some shoes similar to Elon Musk, Find me some shows similar to Elon Musk.,91.6
whisper-small,135,recorded_noisy_ecommerce,audio/recorded/noisy/Find me some shoes similar to Elon Musk_Traffic & Wind_-5.wav,Find me some shoes similar to Elon Musk, Find me some show similar to your own muscle.,87.8
whisper-small,136,recorded_noisy_ecommerce,audio/recorded/noisy/Find me some shoes similar to Elon Musk_Traffic & Wind_0.wav,Find me some shoes similar to Elon Musk, Find me some shows similar to Elon Musk.,86.1
whisper-small,137,recorded_noisy_ecommerce,audio/recorded/noisy/Find me some shoes similar to Elon Musk_Traffic & Wind_10.wav,Find me some shoes similar to Elon Musk, Find me some shoes similar to a lawn musk.,90.0
whisper-small,138,recorded_noisy_ecommerce,audio/recorded/noisy/Find me some shoes similar to Elon Musk_Traffic & Wind_5.wav,Find me some shoes similar to Elon Musk, Find me some shows similar to Elon Musk.,82.7
whisper-small,139,recorded_noisy_ecommerce,audio/recorded/noisy/Get me some Nike shoes from Amazon_Claps & Cheers_-5.wav,Get me some Nike shoes from Amazon, Get me some nice issues from Amazon.,77.6
whisper-small,140,recorded_noisy_ecommerce,audio/recorded/noisy/Get me some Nike shoes from Amazon_Claps & Cheers_0.wav,Get me some Nike shoes from Amazon, Get me some nice issues from Amazon.,85.0
whisper-small,141,recorded_noisy_ecommerce,audio/recorded/noisy/Get me some Nike shoes from Amazon_Claps & Cheers_10.wav,Get me some Nike shoes from Amazon, Get me some Nike shoes from Amazon.,81.5
whisper-small,142,recorded_noisy_ecommerce,audio/recorded/noisy/Get me some Nike shoes from Amazon_Claps & Cheers_5.wav,Get me some Nike shoes from Amazon, Get me some Nike shoes from Amazon.,77.9
whisper-small,143,recorded_noisy_ecommerce,audio/recorded/noisy/Get me some Nike shoes from Amazon_Retail Ambient Noise_-5.wav,Get me some Nike shoes from Amazon, You're doing something I did for a month as well.,147.9
whisper-small,144,recorded_noisy_ecommerce,audio/recorded/noisy/Get me some Nike shoes from Amazon_Retail Ambient Noise_0.wav,Get me some Nike shoes from Amazon, Get me some night shows from Amazon.,82.1
whisper-small,145,recorded_noisy_ecommerce,audio/recorded/noisy/Get me some Nike shoes from Amazon_Retail Ambient Noise_10.wav,Get me some Nike shoes from Amazon, Get me some Nike shoes from Amazon.,89.8
whisper-small,146,recorded_noisy_ecommerce,audio/recorded/noisy/Get me some Nike shoes from Amazon_Retail Ambient Noise_5.wav,Get me some Nike shoes from Amazon, Get me some Nike shoes from Amazon.,81.3
whisper-small,147,recorded_noisy_ecommerce,audio/recorded/noisy/Get me some Nike shoes from Amazon_Traffic & Wind_-5.wav,Get me some Nike shoes from Amazon, Get me some blank issues from Amazon.,77.7
whisper-small,148,recorded_noisy_ecommerce,audio/recorded/noisy/Get me some Nike shoes from Amazon_Traffic & Wind_0.wav,Get me some Nike shoes from Amazon, Get me some like issues from Amazon.,81.7
whisper-small,149,recorded_noisy_ecommerce,audio/recorded/noisy/Get me some Nike shoes from Amazon_Traffic & Wind_10.wav,Get me some Nike shoes from Amazon, Get me some Nike shoes from Amazon.,80.8
whisper-small,150,recorded_noisy_ecommerce,audio/recorded/noisy/Get me some Nike shoes from Amazon_Traffic & Wind_5.wav,Get me some Nike shoes from Amazon, Get me some Nike shoes from Amazon.,83.8
whisper-small,151,recorded_noisy_news,audio/recorded/noisy/Give me news about Trump at UN_Claps & Cheers_-5.wav,Give me news about Trump at UN, Give me news about trumpet human.,79.8
whisper-small,152,recorded_noisy_news,audio/recorded/noisy/Give me news about Trump at UN_Claps & Cheers_0.wav,Give me news about Trump at UN, Give me news about trumpet human.,81.5
whisper-small,153,recorded_noisy_news,audio/recorded/noisy/Give me news about Trump at UN_Claps & Cheers_10.wav,Give me news about Trump at UN, Give me news about Trump at UN.,82.4
whisper-small,154,recorded_noisy_news,audio/recorded/noisy/Give me news about Trump at UN_Claps & Cheers_5.wav,Give me news about Trump at UN, Give me news about trumpet UN.,78.3
whisper-small,155,recorded_noisy_news,audio/recorded/noisy/Give me news about Trump at UN_Retail Ambient Noise_-5.wav,Give me news about Trump at UN, You've been using the problem around where do you mind?,106.1
whisper-small,156,recorded_noisy_news,audio/recorded/noisy/Give me news about Trump at UN_Retail Ambient Noise_0.wav,Give me news about Trump at UN," Give me news about that, don't matter to you man.",104.1
whisper-small,157,recorded_noisy_news,audio/recorded/noisy/Give me news about Trump at UN_Retail Ambient Noise_10.wav,Give me news about Trump at UN, Give me news about Trump at UN.,77.7
whisper-small,158,recorded_noisy_news,audio/recorded/noisy/Give me news about Trump at UN_Retail Ambient Noise_5.wav,Give me news about Trump at UN, Give me news about Trump at UN.,76.5
whisper-small,159,recorded_noisy_news,audio/recorded/noisy/Give me news about Trump at UN_Traffic & Wind_-5.wav,Give me news about Trump at UN, Give me news about the trumpet UN.,87.9
whisper-small,160,recorded_noisy_news,audio/recorded/noisy/Give me news about Trump at UN_Traffic & Wind_0.wav,Give me news about Trump at UN, Give me news about Trump at UN.,82.3
whisper-small,161,recorded_noisy_news,audio/recorded/noisy/Give me news about Trump at UN_Traffic & Wind_10.wav,Give me news about Trump at UN, Give me news about Trump at UN.,88.6
whisper-small,162,recorded_noisy_news,audio/recorded/noisy/Give me news about Trump at UN_Traffic & Wind_5.wav,Give me news about Trump at UN, Give me news about Trump at UN.,85.9
whisper-small,163,recorded_noisy_ecommerce,audio/recorded/noisy/Looking for some good office chair_Claps & Cheers_-5.wav,Looking for some good office chair, Looking for some good office share.,73.7
whisper-small,164,recorded_noisy_ecommerce,audio/recorded/noisy/Looking for some good office chair_Claps & Cheers_0.wav,Looking for some good office chair, Looking for some good office share.,76.6
whisper-small,165,recorded_noisy_ecommerce,audio/recorded/noisy/Looking for some good office chair_Claps & Cheers_10.wav,Looking for some good office chair, Looking for some good office share.,76.6
whisper-small,166,recorded_noisy_ecommerce,audio/recorded/noisy/Looking for some good office chair_Claps & Cheers_5.wav,Looking for some good office chair, Looking for some good office share.,74.4
whisper-small,167,recorded_noisy_ecommerce,audio/recorded/noisy/Looking for some good office chair_Retail Ambient Noise_-5.wav,Looking for some good office chair, Do we want to put a little bit on this year?,95.0
whisper-small,168,recorded_noisy_ecommerce,audio/recorded/noisy/Looking for some good office chair_Retail Ambient Noise_0.wav,Looking for some good office chair, Looking for some good office here.,70.6
whisper-small,169,recorded_noisy_ecommerce,audio/recorded/noisy/Looking for some good office chair_Retail Ambient Noise_10.wav,Looking for some good office chair, Looking for some good office share.,75.7
whisper-small,170,recorded_noisy_ecommerce,audio/recorded/noisy/Looking for some good office chair_Retail Ambient Noise_5.wav,Looking for some good office chair, Looking for some good office here.,71.5
whisper-small,171,recorded_noisy_ecommerce,audio/recorded/noisy/Looking for some good office chair_Traffic & Wind_-5.wav,Looking for some good office chair, Looking for some good office share.,72.3
whisper-small,172,recorded_noisy_ecommerce,audio/recorded/noisy/Looking for some good office chair_Traffic & Wind_0.wav,Looking for some good office chair, Looking for some good office share.,73.0
whisper-small,173,recorded_noisy_ecommerce,audio/recorded/noisy/Looking for some good office chair_Traffic & Wind_10.wav,Looking for some good office chair, Looking for some good office share.,77.7
whisper-small,174,recorded_noisy_ecommerce,audio/recorded/noisy/Looking for some good office chair_Traffic & Wind_5.wav,Looking for some good office chair, Looking for some good office share.,77.0
whisper-small,175,recorded_noisy_news,audio/recorded/noisy/Show me some news about Trump_Claps & Cheers_-5.wav,Show me some news about Trump, Show me some news about crime.,69.8
whisper-small,176,recorded_noisy_news,audio/recorded/noisy/Show me some news about Trump_Claps & Cheers_0.wav,Show me some news about Trump, Show me some news about Trump.,75.8
whisper-small,177,recorded_noisy_news,audio/recorded/noisy/Show me some news about Trump_Claps & Cheers_10.wav,Show me some news about Trump, Show me some news about Trump.,75.4
whisper-small,178,recorded_noisy_news,audio/recorded/noisy/Show me some news about Trump_Claps & Cheers_5.wav,Show me some news about Trump, Show me some news about Trump.,72.5
whisper-small,179,recorded_noisy_news,audio/recorded/noisy/Show me some news about Trump_Retail Ambient Noise_-5.wav,Show me some news about Trump, Shouldn't we send me some news at home?,86.8
whisper-small,180,recorded_noisy_news,audio/recorded/noisy/Show me some news about Trump_Retail Ambient Noise_0.wav,Show me some news about Trump, Show me some news about Trump.,79.0
whisper-small,181,recorded_noisy_news,audio/recorded/noisy/Show me some news about Trump_Retail Ambient Noise_10.wav,Show me some news about Trump, Show me some news about Trump.,76.9
whisper-small,182,recorded_noisy_news,audio/recorded/noisy/Show me some news about Trump_Retail Ambient Noise_5.wav,Show me some news about Trump, Show me some news about Trump.,72.8
whisper-small,183,recorded_noisy_news,audio/recorded/noisy/Show me some news about Trump_Traffic & Wind_-5.wav,Show me some news about Trump, Show me some news about Trump.,73.3
whisper-small,184,recorded_noisy_news,audio/recorded/noisy/Show me some news about Trump_Traffic & Wind_0.wav,Show me some news about Trump, Show me some news about Trump.,75.1
whisper-small,185,recorded_noisy_news,audio/recorded/noisy/Show me some news about Trump_Traffic & Wind_10.wav,Show me some news about Trump, Show me some news about Trump.,75.3
whisper-small,186,recorded_noisy_news,audio/recorded/noisy/Show me some news about Trump_Traffic & Wind_5.wav,Show me some news about Trump, Show me some news about Trump.,72.7
whisper-small,187,recorded_noisy_ecommerce,audio/recorded/noisy/Show me some t-shirts from Amazon.com_Claps & Cheers_-5.wav,Show me some t-shirts from Amazon.com, Show me some T-shirts from Amazon.com.,91.6
whisper-small,188,recorded_noisy_ecommerce,audio/recorded/noisy/Show me some t-shirts from Amazon.com_Claps & Cheers_0.wav,Show me some t-shirts from Amazon.com, Show me some t-shirts from Amazon.com.,91.2
whisper-small,189,recorded_noisy_ecommerce,audio/recorded/noisy/Show me some t-shirts from Amazon.com_Claps & Cheers_10.wav,Show me some t-shirts from Amazon.com, Show me some t-shirts from Amazon.com.,93.1
whisper-small,190,recorded_noisy_ecommerce,audio/recorded/noisy/Show me some t-shirts from Amazon.com_Claps & Cheers_5.wav,Show me some t-shirts from Amazon.com, Show me some t-shirts from Amazon.com,91.2
whisper-small,191,recorded_noisy_ecommerce,audio/recorded/noisy/Show me some t-shirts from Amazon.com_Retail Ambient Noise_-5.wav,Show me some t-shirts from Amazon.com, Show me some of the t-shirts for them and not not for them.,110.2
whisper-small,192,recorded_noisy_ecommerce,audio/recorded/noisy/Show me some t-shirts from Amazon.com_Retail Ambient Noise_0.wav,Show me some t-shirts from Amazon.com, Show me some t-shirts on Amazon.com.,91.6
whisper-small,193,recorded_noisy_ecommerce,audio/recorded/noisy/Show me some t-shirts from Amazon.com_Retail Ambient Noise_10.wav,Show me some t-shirts from Amazon.com, Show me some t-shirts from Amazon.com,89.4
whisper-small,194,recorded_noisy_ecommerce,audio/recorded/noisy/Show me some t-shirts from Amazon.com_Retail Ambient Noise_5.wav,Show me some t-shirts from Amazon.com, Show me some t-shirts from Amazon.com,96.2
whisper-small,195,recorded_noisy_ecommerce,audio/recorded/noisy/Show me some t-shirts from Amazon.com_Traffic & Wind_-5.wav,Show me some t-shirts from Amazon.com, Show me some pictures from Amazon.com,81.4
whisper-small,196,recorded_noisy_ecommerce,audio/recorded/noisy/Show me some t-shirts from Amazon.com_Traffic & Wind_0.wav,Show me some t-shirts from Amazon.com, Show me some t-shirts from Amazon.com,92.8
whisper-small,197,recorded_noisy_ecommerce,audio/recorded/noisy/Show me some t-shirts from Amazon.com_Traffic & Wind_10.wav,Show me some t-shirts from Amazon.com, Show me some t-shirts from Amazon.com,91.0
whisper-small,198,recorded_noisy_ecommerce,audio/recorded/noisy/Show me some t-shirts from Amazon.com_Traffic & Wind_5.wav,Show me some t-shirts from Amazon.com, Show me some t-shirts from Amazon.com,92.3
whisper-small,199,recorded_noisy_ecommerce,audio/recorded/noisy/Show me some wireless headphones from eBay_Claps & Cheers_-5.wav,Show me some wireless headphones from eBay, Show me some wireless headphones from eBay.,82.9
whisper-small,200,recorded_noisy_ecommerce,audio/recorded/noisy/Show me some wireless headphones from eBay_Claps & Cheers_0.wav,Show me some wireless headphones from eBay, Show me some wireless headphones from eBay.,77.6
whisper-small,201,recorded_noisy_ecommerce,audio/recorded/noisy/Show me some wireless headphones from eBay_Claps & Cheers_10.wav,Show me some wireless headphones from eBay, Show me some wireless headphones from eBay.,75.0
whisper-small,202,recorded_noisy_ecommerce,audio/recorded/noisy/Show me some wireless headphones from eBay_Claps & Cheers_5.wav,Show me some wireless headphones from eBay, Show me some wireless headphones from eBay.,78.1
whisper-small,203,recorded_noisy_ecommerce,audio/recorded/noisy/Show me some wireless headphones from eBay_Retail Ambient Noise_-5.wav,Show me some wireless headphones from eBay, Show me some photos and ones of events.,87.2
whisper-small,204,recorded_noisy_ecommerce,audio/recorded/noisy/Show me some wireless headphones from eBay_Retail Ambient Noise_0.wav,Show me some wireless headphones from eBay, Show me some wireless headphones for eBay.,84.0
whisper-small,205,recorded_noisy_ecommerce,audio/recorded/noisy/Show me some wireless headphones from eBay_Retail Ambient Noise_10.wav,Show me some wireless headphones from eBay, Show me some wireless headphones from eBay.,77.8
whisper-small,206,recorded_noisy_ecommerce,audio/recorded/noisy/Show me some wireless headphones from eBay_Retail Ambient Noise_5.wav,Show me some wireless headphones from eBay, Show me some wireless headphones from eBay.,78.2
whisper-small,207,recorded_noisy_ecommerce,audio/recorded/noisy/Show me some wireless headphones from eBay_Traffic & Wind_-5.wav,Show me some wireless headphones from eBay, Show me some wireless headphones from eBay.,84.3
whisper-small,208,recorded_noisy_ecommerce,audio/recorded/noisy/Show me some wireless headphones from eBay_Traffic & Wind_0.wav,Show me some wireless headphones from eBay, Show me some wireless headphones from eBay.,79.7
whisper-small,209,recorded_noisy_ecommerce,audio/recorded/noisy/Show me some wireless headphones from eBay_Traffic & Wind_10.wav,Show me some wireless headphones from eBay, Show me some wireless headphones from eBay.,80.7
whisper-small,210,recorded_noisy_ecommerce,audio/recorded/noisy/Show me some wireless headphones from eBay_Traffic & Wind_5.wav,Show me some wireless headphones from eBay, Show me some wireless headphones from eBay.,77.5
whisper-small,211,recorded_noisy_news,audio/recorded/noisy/Tell me some latest news about Barack Obama_Claps & Cheers_-5.wav,Tell me some latest news about Barack Obama, Tell me some religious news about Barack Obama.,89.7
whisper-small,212,recorded_noisy_news,audio/recorded/noisy/Tell me some latest news about Barack Obama_Claps & Cheers_0.wav,Tell me some latest news about Barack Obama, Tell me some latest news about Barack Obama.,94.4
whisper-small,213,recorded_noisy_news,audio/recorded/noisy/Tell me some latest news about Barack Obama_Claps & Cheers_10.wav,Tell me some latest news about Barack Obama, Tell me some latest news about Barack Obama.,87.4
whisper-small,214,recorded_noisy_news,audio/recorded/noisy/Tell me some latest news about Barack Obama_Claps & Cheers_5.wav,Tell me some latest news about Barack Obama, Tell me some latest news about Barack Obama.,94.9
whisper-small,215,recorded_noisy_news,audio/recorded/noisy/Tell me some latest news about Barack Obama_Retail Ambient Noise_-5.wav,Tell me some latest news about Barack Obama, I don't think so. I guess we'll develop a problem.,120.1
whisper-small,216,recorded_noisy_news,audio/recorded/noisy/Tell me some latest news about Barack Obama_Retail Ambient Noise_0.wav,Tell me some latest news about Barack Obama, Tell me something about Barack Obama.,90.1
whisper-small,217,recorded_noisy_news,audio/recorded/noisy/Tell me some latest news about Barack Obama_Retail Ambient Noise_10.wav,Tell me some latest news about Barack Obama, Tell me some latest news about Barack Obama.,89.4
whisper-small,218,recorded_noisy_news,audio/recorded/noisy/Tell me some latest news about Barack Obama_Retail Ambient Noise_5.wav,Tell me some latest news about Barack Obama, Tell me some latest news about Barack Obama.,86.9
whisper-small,219,recorded_noisy_news,audio/recorded/noisy/Tell me some latest news about Barack Obama_Traffic & Wind_-5.wav,Tell me some latest news about Barack Obama, Tell me something about Iraq Obama.,79.2
whisper-small,220,recorded_noisy_news,audio/recorded/noisy/Tell me some latest news about Barack Obama_Traffic & Wind_0.wav,Tell me some latest news about Barack Obama, Tell me some latest news about Barack Obama.,86.5
whisper-small,221,recorded_noisy_news,audio/recorded/noisy/Tell me some latest news about Barack Obama_Traffic & Wind_10.wav,Tell me some latest news about Barack Obama, Tell me some latest news about Barack Obama.,87.4
whisper-small,222,recorded_noisy_news,audio/recorded/noisy/Tell me some latest news about Barack Obama_Traffic & Wind_5.wav,Tell me some latest news about Barack Obama, Tell me some latest news about Barack Obama.,87.5
whisper-small,223,recorded_noisy_news,audio/recorded/noisy/Trump news_Claps & Cheers_-5.wav,Trump news, Trump news,57.4
whisper-small,224,recorded_noisy_news,audio/recorded/noisy/Trump news_Claps & Cheers_0.wav,Trump news, Trump news,59.0
whisper-small,225,recorded_noisy_news,audio/recorded/noisy/Trump news_Claps & Cheers_10.wav,Trump news, Trump News,57.1
whisper-small,226,recorded_noisy_news,audio/recorded/noisy/Trump news_Claps & Cheers_5.wav,Trump news, Trump news,56.8
whisper-small,227,recorded_noisy_news,audio/recorded/noisy/Trump news_Retail Ambient Noise_-5.wav,Trump news, Trump news.,56.8
whisper-small,228,recorded_noisy_news,audio/recorded/noisy/Trump news_Retail Ambient Noise_0.wav,Trump news," Trump, the news.",69.5
whisper-small,229,recorded_noisy_news,audio/recorded/noisy/Trump news_Retail Ambient Noise_10.wav,Trump news, Trump news,67.6
whisper-small,230,recorded_noisy_news,audio/recorded/noisy/Trump news_Retail Ambient Noise_5.wav,Trump news," Trump, a news.",67.7
whisper-small,231,recorded_noisy_news,audio/recorded/noisy/Trump news_Traffic & Wind_-5.wav,Trump news, Trump news,55.1
whisper-small,232,recorded_noisy_news,audio/recorded/noisy/Trump news_Traffic & Wind_0.wav,Trump news, Trump news,58.5
whisper-small,233,recorded_noisy_news,audio/recorded/noisy/Trump news_Traffic & Wind_10.wav,Trump news, Trump news,54.9
whisper-small,234,recorded_noisy_news,audio/recorded/noisy/Trump news_Traffic & Wind_5.wav,Trump news, Trump news,58.3
whisper-small,235,recorded_noisy_news,audio/recorded/noisy/Well tell me some news about Tom Cruise_Claps & Cheers_-5.wav,Well tell me some news about Tom Cruise, Well tell me some news about Tom Cruise.,84.8
whisper-small,236,recorded_noisy_news,audio/recorded/noisy/Well tell me some news about Tom Cruise_Claps & Cheers_0.wav,Well tell me some news about Tom Cruise, Well tell me some news about Tom Cruise.,89.0
whisper-small,237,recorded_noisy_news,audio/recorded/noisy/Well tell me some news about Tom Cruise_Claps & Cheers_10.wav,Well tell me some news about Tom Cruise, Well tell me some news about Tom Cruise.,95.2
whisper-small,238,recorded_noisy_news,audio/recorded/noisy/Well tell me some news about Tom Cruise_Claps & Cheers_5.wav,Well tell me some news about Tom Cruise, Well tell me some news about Tom Cruise.,85.5
whisper-small,239,recorded_noisy_news,audio/recorded/noisy/Well tell me some news about Tom Cruise_Retail Ambient Noise_-5.wav,Well tell me some news about Tom Cruise," When it is done, it is a lot of problems.",97.9
whisper-small,240,recorded_noisy_news,audio/recorded/noisy/Well tell me some news about Tom Cruise_Retail Ambient Noise_0.wav,Well tell me some news about Tom Cruise," When it ends up, there's some use about Tom Cruise.",102.3
whisper-small,241,recorded_noisy_news,audio/recorded/noisy/Well tell me some news about Tom Cruise_Retail Ambient Noise_10.wav,Well tell me some news about Tom Cruise, Will tell me some news about Tom Cruise.,84.5
whisper-small,242,recorded_noisy_news,audio/recorded/noisy/Well tell me some news about Tom Cruise_Retail Ambient Noise_5.wav,Well tell me some news about Tom Cruise, Will tell me some news about Tom Cruise.,82.9
whisper-small,243,recorded_noisy_news,audio/recorded/noisy/Well tell me some news about Tom Cruise_Traffic & Wind_-5.wav,Well tell me some news about Tom Cruise, Will tell me some news about Tompos.,84.0
whisper-small,244,recorded_noisy_news,audio/recorded/noisy/Well tell me some news about Tom Cruise_Traffic & Wind_0.wav,Well tell me some news about Tom Cruise, Well tell me some news about Tompus.,85.5
whisper-small,245,recorded_noisy_news,audio/recorded/noisy/Well tell me some news about Tom Cruise_Traffic & Wind_10.wav,Well tell me some news about Tom Cruise, Well tell me some news about Tom Cruise.,86.8
whisper-small,246,recorded_noisy_news,audio/recorded/noisy/Well tell me some news about Tom Cruise_Traffic & Wind_5.wav,Well tell me some news about Tom Cruise, Well tell me some news about Tom Cruise.,88.1
whisper-small,247,recorded_noisy_news,audio/recorded/noisy/What's happening at Washington DC these days?_Claps & Cheers_-5.wav,What's happening at Washington DC these days?, What's happening at Washington DC? This is...,115.7
whisper-small,248,recorded_noisy_news,audio/recorded/noisy/What's happening at Washington DC these days?_Claps & Cheers_0.wav,What's happening at Washington DC these days?, What's happening at Washington DC? These days?,88.2
whisper-small,249,recorded_noisy_news,audio/recorded/noisy/What's happening at Washington DC these days?_Claps & Cheers_10.wav,What's happening at Washington DC these days?, What's happening at Washington DC these days?,92.5
whisper-small,250,recorded_noisy_news,audio/recorded/noisy/What's happening at Washington DC these days?_Claps & Cheers_5.wav,What's happening at Washington DC these days?, What's happening at Washington DC these days?,93.5
whisper-small,251,recorded_noisy_news,audio/recorded/noisy/What's happening at Washington DC these days?_Retail Ambient Noise_-5.wav,What's happening at Washington DC these days?, What's happening at Washington this in East Wales?,91.4
whisper-small,252,recorded_noisy_news,audio/recorded/noisy/What's happening at Washington DC these days?_Retail Ambient Noise_0.wav,What's happening at Washington DC these days?," What's happening at Washington, they say, East is.",106.2
whisper-small,253,recorded_noisy_news,audio/recorded/noisy/What's happening at Washington DC these days?_Retail Ambient Noise_10.wav,What's happening at Washington DC these days?, What's happening at Washington DC? These days?,100.1
whisper-small,254,recorded_noisy_news,audio/recorded/noisy/What's happening at Washington DC these days?_Retail Ambient Noise_5.wav,What's happening at Washington DC these days?," What's happening at Washington, D.C., East is?",96.8
whisper-small,255,recorded_noisy_news,audio/recorded/noisy/What's happening at Washington DC these days?_Traffic & Wind_-5.wav,What's happening at Washington DC these days?, What's happening at Washington DC these days?,99.1
whisper-small,256,recorded_noisy_news,audio/recorded/noisy/What's happening at Washington DC these days?_Traffic & Wind_0.wav,What's happening at Washington DC these days?, What's happening at Washington DC these days?,92.3
whisper-small,257,recorded_noisy_news,audio/recorded/noisy/What's happening at Washington DC these days?_Traffic & Wind_10.wav,What's happening at Washington DC these days?, What's happening at Washington DC these days?,97.4
whisper-small,258,recorded_noisy_news,audio/recorded/noisy/What's happening at Washington DC these days?_Traffic & Wind_5.wav,What's happening at Washington DC these days?, What's happening at Washington DC these days?,93.5
whisper-small,259,recorded_noisy_news,audio/recorded/noisy/What's the news about Apple's new iPhone?_Claps & Cheers_-5.wav,What's the news about Apple's new iPhone?, What's the news about the first new iPhone?,91.5
whisper-small,260,recorded_noisy_news,audio/recorded/noisy/What's the news about Apple's new iPhone?_Claps & Cheers_0.wav,What's the news about Apple's new iPhone?, What's the news about Apple's new iPhone?,85.9
whisper-small,261,recorded_noisy_news,audio/recorded/noisy/What's the news about Apple's new iPhone?_Claps & Cheers_10.wav,What's the news about Apple's new iPhone?, What's the news about Apple's new iPhone?,93.4
whisper-small,262,recorded_noisy_news,audio/recorded/noisy/What's the news about Apple's new iPhone?_Claps & Cheers_5.wav,What's the news about Apple's new iPhone?, What's the news about Apple's new iPhone?,91.5
whisper-small,263,recorded_noisy_news,audio/recorded/noisy/What's the news about Apple's new iPhone?_Retail Ambient Noise_-5.wav,What's the news about Apple's new iPhone?," More than you, you know, let's be able to be able to.",112.6
whisper-small,264,recorded_noisy_news,audio/recorded/noisy/What's the news about Apple's new iPhone?_Retail Ambient Noise_0.wav,What's the news about Apple's new iPhone?, More than you is a lot more than you are more.,114.5
whisper-small,265,recorded_noisy_news,audio/recorded/noisy/What's the news about Apple's new iPhone?_Retail Ambient Noise_10.wav,What's the news about Apple's new iPhone?, What's the news about Apple's new iPhone?,86.8
whisper-small,266,recorded_noisy_news,audio/recorded/noisy/What's the news about Apple's new iPhone?_Retail Ambient Noise_5.wav,What's the news about Apple's new iPhone?, What's the news about Apple's new iPhone?,85.1
whisper-small,267,recorded_noisy_news,audio/recorded/noisy/What's the news about Apple's new iPhone?_Traffic & Wind_-5.wav,What's the news about Apple's new iPhone?, What's the news about Apple's new iPhone?,91.6
whisper-small,268,recorded_noisy_news,audio/recorded/noisy/What's the news about Apple's new iPhone?_Traffic & Wind_0.wav,What's the news about Apple's new iPhone?, What's the news about Apple's new iPhone?,91.0
whisper-small,269,recorded_noisy_news,audio/recorded/noisy/What's the news about Apple's new iPhone?_Traffic & Wind_10.wav,What's the news about Apple's new iPhone?, What's the news about Apple's new iPhone?,91.7
whisper-small,270,recorded_noisy_news,audio/recorded/noisy/What's the news about Apple's new iPhone?_Traffic & Wind_5.wav,What's the news about Apple's new iPhone?, What's the news about Apple's new iPhone?,91.8
whisper-small,271,recorded_noisy_news,audio/recorded/noisy/What's up with Trump these days?_Claps & Cheers_-5.wav,What's up with Trump these days?, What's up with from these days?,82.0
whisper-small,272,recorded_noisy_news,audio/recorded/noisy/What's up with Trump these days?_Claps & Cheers_0.wav,What's up with Trump these days?, What's up with from these days?,78.2
whisper-small,273,recorded_noisy_news,audio/recorded/noisy/What's up with Trump these days?_Claps & Cheers_10.wav,What's up with Trump these days?, What's up with from these days?,75.0
whisper-small,274,recorded_noisy_news,audio/recorded/noisy/What's up with Trump these days?_Claps & Cheers_5.wav,What's up with Trump these days?, What's up with from these days?,79.0
whisper-small,275,recorded_noisy_news,audio/recorded/noisy/What's up with Trump these days?_Retail Ambient Noise_-5.wav,What's up with Trump these days?, What's up with you from these days?,84.8
whisper-small,276,recorded_noisy_news,audio/recorded/noisy/What's up with Trump these days?_Retail Ambient Noise_0.wav,What's up with Trump these days?, What's up with from these days?,78.8
whisper-small,277,recorded_noisy_news,audio/recorded/noisy/What's up with Trump these days?_Retail Ambient Noise_10.wav,What's up with Trump these days?, What's up with Trump these days?,79.4
whisper-small,278,recorded_noisy_news,audio/recorded/noisy/What's up with Trump these days?_Retail Ambient Noise_5.wav,What's up with Trump these days?, What's up with from these days?,78.2
whisper-small,279,recorded_noisy_news,audio/recorded/noisy/What's up with Trump these days?_Traffic & Wind_-5.wav,What's up with Trump these days?, What's up with Trump these days?,75.5
whisper-small,280,recorded_noisy_news,audio/recorded/noisy/What's up with Trump these days?_Traffic & Wind_0.wav,What's up with Trump these days?, What's up with Trump these days?,82.8
whisper-small,281,recorded_noisy_news,audio/recorded/noisy/What's up with Trump these days?_Traffic & Wind_10.wav,What's up with Trump these days?, What's up with Trump these days?,82.7
whisper-small,282,recorded_noisy_news,audio/recorded/noisy/What's up with Trump these days?_Traffic & Wind_5.wav,What's up with Trump these days?, What's up with Trump these days?,91.2
whisper-small,283,recorded_noisy_ecommerce,audio/recorded/noisy/show me some adidas running shoes_Claps & Cheers_-5.wav,show me some adidas running shoes, Show me some procedures for running shoes.,91.6
whisper-small,284,recorded_noisy_ecommerce,audio/recorded/noisy/show me some adidas running shoes_Claps & Cheers_0.wav,show me some adidas running shoes, Show me some ideas on running shoes.,79.1
whisper-small,285,recorded_noisy_ecommerce,audio/recorded/noisy/show me some adidas running shoes_Claps & Cheers_10.wav,show me some adidas running shoes, Show me some editors running shoes.,80.3
whisper-small,286,recorded_noisy_ecommerce,audio/recorded/noisy/show me some adidas running shoes_Claps & Cheers_5.wav,show me some adidas running shoes, Show me some videos and running shoes.,79.4
whisper-small,287,recorded_noisy_ecommerce,audio/recorded/noisy/show me some adidas running shoes_Retail Ambient Noise_-5.wav,show me some adidas running shoes, Show me some 30 dollars and I need shoes.,90.3
whisper-small,288,recorded_noisy_ecommerce,audio/recorded/noisy/show me some adidas running shoes_Retail Ambient Noise_0.wav,show me some adidas running shoes, Show me some Adidas and onion shoes.,84.1
whisper-small,289,recorded_noisy_ecommerce,audio/recorded/noisy/show me some adidas running shoes_Retail Ambient Noise_10.wav,show me some adidas running shoes, Show me some editors and running shoes.,76.9
whisper-small,290,recorded_noisy_ecommerce,audio/recorded/noisy/show me some adidas running shoes_Retail Ambient Noise_5.wav,show me some adidas running shoes, Show me some editors and running shoes.,83.8
whisper-small,291,recorded_noisy_ecommerce,audio/recorded/noisy/show me some adidas running shoes_Traffic & Wind_-5.wav,show me some adidas running shoes, Show me some predators and hunting shoes.,81.9
whisper-small,292,recorded_noisy_ecommerce,audio/recorded/noisy/show me some adidas running shoes_Traffic & Wind_0.wav,show me some adidas running shoes, Show me some editors and running shoes.,75.0
whisper-small,293,recorded_noisy_ecommerce,audio/recorded/noisy/show me some adidas running shoes_Traffic & Wind_10.wav,show me some adidas running shoes, Show me some editors and running shoes.,81.8
whisper-small,294,recorded_noisy_ecommerce,audio/recorded/noisy/show me some adidas running shoes_Traffic & Wind_5.wav,show me some adidas running shoes, Show me some editors and running shoes.,81.6
whisper-large,0,slurp_news,audio/open_source/what is the exchange rate of us dollar to pound sterling.wav,what is the exchange rate of us dollar to pound sterling, What is the exchange rate of US dollar to pound sterling?,896.7
whisper-large,1,slurp_news,audio/open_source/what is the exchange rate of us dollar to pound sterling 2.wav,what is the exchange rate of us dollar to pound sterling, What is the exchange rate of US dollar to pound sterling?,899.4
whisper-large,2,slurp_news,audio/open_source/find me info on cars.wav,find me info on cars, Find me info on carves,546.4
whisper-large,3,slurp_news,audio/open_source/find me info on cars 2.wav,find me info on cars, Finding info on curves.,513.7
whisper-large,4,slurp_news,audio/open_source/find me info on cars 3.wav,find me info on cars, Find me info on cause.,547.5
whisper-large,5,slurp_news,audio/open_source/find me info on cars 4.wav,find me info on cars, Find me in for one cause.,551.3
whisper-large,6,slurp_news,audio/open_source/get me the popular news from bbc.wav,get me the popular news from bbc, Get me the popular news from BBC.,620.8
whisper-large,7,slurp_news,audio/open_source/get me the popular news from bbc 2.wav,get me the popular news from bbc, Get me the popular news from BBC.,593.1
whisper-large,8,slurp_news,audio/open_source/set notification from world news.wav,set notification from world news, Sad notification from world news.,503.8
whisper-large,9,slurp_news,audio/open_source/set notification from world news 2.wav,set notification from world news, Set notification from world news.,547.9
whisper-large,10,slurp_news,audio/open_source/i want to hear the last news from cnn.wav,i want to hear the last news from cnn, I want to hear the last news from CNN.,661.9
whisper-large,11,slurp_news,audio/open_source/i want to hear the last news from cnn 2.wav,i want to hear the last news from cnn, I want to hear the last news from CNN.,670.7
whisper-large,12,slurp_news,audio/open_source/i want to hear the last news from cnn 3.wav,i want to hear the last news from cnn, I want to hear the last news from CNN.,672.8
whisper-large,13,slurp_news,audio/open_source/i want to hear the last news from cnn 4.wav,i want to hear the last news from cnn, I want to hear the last news from CNN.,662.2
whisper-large,14,slurp_news,audio/open_source/i want to know everything that breaks about the dam breaking in california.wav,i want to know everything that breaks about the dam breaking in california, I want you to know everything about the dam breaking in,776.6
whisper-large,15,slurp_news,audio/open_source/show me news about the environment.wav,show me news about the environment, Show me news about the environment.,548.6
whisper-large,16,slurp_news,audio/open_source/show me news about the environment 2.wav,show me news about the environment, Show me news about the environment.,552.8
whisper-large,17,slurp_news,audio/open_source/tell me about the new foreign policy of trump.wav,tell me about the new foreign policy of trump, Tell me about the new foreign policy of Trump.,661.5
whisper-large,18,slurp_news,audio/open_source/tell me about the new foreign policy of trump 2.wav,tell me about the new foreign policy of trump, Tell me about the new foreign policy of Trump.,657.7
whisper-large,19,slurp_news,audio/open_source/here's the truth about meals on wheels in someone's budget.wav,here's the truth about meals on wheels in someone's budget, Here's the truth about meals and wheels in someone's budget.,816.2
whisper-large,20,slurp_news,audio/open_source/here's the truth about meals on wheels in someone's budget 2.wav,here's the truth about meals on wheels in someone's budget, Here's the truth about meals on wheels and someone's budget.,812.2
whisper-large,21,slurp_news,audio/open_source/here's the truth about meals on wheels in someone's budget 3.wav,here's the truth about meals on wheels in someone's budget, Here's the truth about Meals on Wheels and someone's budget.,818.3
whisper-large,22,slurp_news,audio/open_source/here's the truth about meals on wheels in someone's budget 4.wav,here's the truth about meals on wheels in someone's budget, Here's the truth about mills on bills and someone's budget.,814.0
whisper-large,23,slurp_news,audio/open_source/here's the truth about meals on wheels in someone's budget 5.wav,here's the truth about meals on wheels in someone's budget, Here's the truth about meals on wheels in someone's budget.,852.6
whisper-large,24,slurp_news,audio/open_source/what's happening around the world.wav,what's happening around the world, what's happening around the world.,553.1
whisper-large,25,slurp_news,audio/open_source/what's happening around the world 2.wav,what's happening around the world, What's happening around the world?,624.9
whisper-large,26,slurp_news,audio/open_source/what's happening around the world 3.wav,what's happening around the world, What's happening around the world?,545.5
whisper-large,27,slurp_news,audio/open_source/what's happening around the world 4.wav,what's happening around the world, what's happening around the world.,552.6
whisper-large,28,slurp_news,audio/open_source/what's happening around the world 5.wav,what's happening around the world, What's happening around the world?,548.1
whisper-large,29,slurp_news,audio/open_source/what's happening around the world 6.wav,what's happening around the world, what's happening around the world,555.9
whisper-large,30,slurp_news,audio/open_source/what's sensational in time of india.wav,what's sensational in time of india, What sensation in time of,512.5
whisper-large,31,slurp_news,audio/open_source/what's sensational in time of india 2.wav,what's sensational in time of india, What sensation in time of,513.6
whisper-large,32,slurp_news,audio/open_source/what's sensational in time of india 3.wav,what's sensational in time of india, What's sensational in time of India?,627.5
whisper-large,33,slurp_news,audio/open_source/what's sensational in time of india 4.wav,what's sensational in time of india, was sensational in time of India.,591.9
whisper-large,34,slurp_news,audio/open_source/what's sensational in time of india 5.wav,what's sensational in time of india, What's sensational in time of India?,589.8
whisper-large,35,slurp_news,audio/open_source/what's sensational in time of india 6.wav,what's sensational in time of india," What's sensational in Thailand, India?",665.5
whisper-large,36,slurp_news,audio/open_source/tell me some business news.wav,tell me some business news," Tell me something, Mr. News.",584.4
whisper-large,37,slurp_news,audio/open_source/tell me some business news 2.wav,tell me some business news," Tell me something, Miss Amuse.",580.9
whisper-large,38,slurp_news,audio/open_source/tell me some business news 3.wav,tell me some business news, Tell me some business news.,507.8
whisper-large,39,slurp_news,audio/open_source/tell me some business news 4.wav,tell me some business news, Tell me some business news.,513.8
whisper-large,40,slurp_news,audio/open_source/tell me some business news 5.wav,tell me some business news, Tell me some business news.,507.4
whisper-large,41,slurp_news,audio/open_source/tell me some business news 6.wav,tell me some business news, Tell me some business news.,510.9
whisper-large,42,slurp_news,audio/open_source/tell me some business news 7.wav,tell me some business news, Tell me some business news.,510.8
whisper-large,43,slurp_news,audio/open_source/keep me informed about bitcoin price.wav,keep me informed about bitcoin price, Keep me informed about Bitcoin price.,589.8
whisper-large,44,slurp_news,audio/open_source/keep me informed about bitcoin price 2.wav,keep me informed about bitcoin price, Keep me informed about Bitcoin price.,554.8
whisper-large,45,slurp_news,audio/open_source/keep me informed about bitcoin price 3.wav,keep me informed about bitcoin price, Keep me informed about Bitcoin price.,549.4
whisper-large,46,slurp_news,audio/open_source/keep me informed about bitcoin price 4.wav,keep me informed about bitcoin price, Keep me informed about Bitcoin price.,548.4
whisper-large,47,slurp_news,audio/open_source/keep me informed about bitcoin price 5.wav,keep me informed about bitcoin price, Keep me informed about Bitcoin price.,546.5
whisper-large,48,slurp_news,audio/open_source/keep me informed about bitcoin price 6.wav,keep me informed about bitcoin price, Tell me more about Bitcoin price.,584.6
whisper-large,49,slurp_news,audio/open_source/what's the latest news on cnn.wav,what's the latest news on cnn, What's the latest news on CNN?,592.7
whisper-large,50,slurp_ecommerce,audio/open_source/take out the milk from the shopping list.wav,take out the milk from the shopping list, Take out the milk from the shopping list.,627.5
whisper-large,51,slurp_ecommerce,audio/open_source/take out the milk from the shopping list 2.wav,take out the milk from the shopping list, Take out the milk from the chocolate next year.,706.9
whisper-large,52,slurp_ecommerce,audio/open_source/say the list.wav,say the list, Save the list.,473.7
whisper-large,53,slurp_ecommerce,audio/open_source/say the list 2.wav,say the list, Save the list.,435.2
whisper-large,54,slurp_ecommerce,audio/open_source/say the list 3.wav,say the list, Say the list.,433.9
whisper-large,55,slurp_ecommerce,audio/open_source/i have my clothes list.wav,i have my clothes list, I have my clothes list.,555.1
whisper-large,56,slurp_ecommerce,audio/open_source/i have my clothes list 2.wav,i have my clothes list, I have my clothes list.,510.2
whisper-large,57,slurp_ecommerce,audio/open_source/what items are on my shopping list.wav,what items are on my shopping list, What items are on my shopping list?,592.7
whisper-large,58,slurp_ecommerce,audio/open_source/what items are on my shopping list 2.wav,what items are on my shopping list, What items are on my shopping list?,591.1
whisper-large,59,slurp_ecommerce,audio/open_source/remind me of how many lists i have.wav,remind me of how many lists i have, Remind me of how many lists I have.,670.9
whisper-large,60,slurp_ecommerce,audio/open_source/remind me of how many lists i have 2.wav,remind me of how many lists i have, Remind me of how many lists I have.,707.4
whisper-large,61,slurp_ecommerce,audio/open_source/remind me of how many lists i have 3.wav,remind me of how many lists i have, Remind me of how many lists I have.,667.7
whisper-large,62,slurp_ecommerce,audio/open_source/remind me of how many lists i have 4.wav,remind me of how many lists i have, Remind me of how many lists I have.,663.2
whisper-large,63,slurp_ecommerce,audio/open_source/add business contacts to contact list.wav,add business contacts to contact list, Add business contacts to contact list.,592.3
whisper-large,64,slurp_ecommerce,audio/open_source/add business contacts to contact list 2.wav,add business contacts to contact list, and business contacts to contact list.,553.1
whisper-large,65,slurp_ecommerce,audio/open_source/please find all name start with alphabetic of a and create a list.wav,please find all name start with alphabetic of a and create a list, Please find all the name starts with alphabetic of and create a list.,945.7
whisper-large,66,slurp_ecommerce,audio/open_source/delete item.wav,delete item, Delete item.,398.0
whisper-large,67,slurp_ecommerce,audio/open_source/delete item 2.wav,delete item, Delete item.,397.1
whisper-large,68,slurp_ecommerce,audio/open_source/delete item 3.wav,delete item, Delete item.,398.7
whisper-large,69,slurp_ecommerce,audio/open_source/delete item 4.wav,delete item, Delete items.,399.2
whisper-large,70,slurp_ecommerce,audio/open_source/delete item 5.wav,delete item, Delete item.,435.0
whisper-large,71,slurp_ecommerce,audio/open_source/delete item 6.wav,delete item, Delete item.,394.2
whisper-large,72,slurp_ecommerce,audio/open_source/delete item 7.wav,delete item, Delete item.,510.0
whisper-large,73,slurp_ecommerce,audio/open_source/delete item 8.wav,delete item, Delete item.,470.4
whisper-large,74,slurp_ecommerce,audio/open_source/delete item 9.wav,delete item, Delete item.,430.2
whisper-large,75,slurp_ecommerce,audio/open_source/delete item 10.wav,delete item, Deleted item.,586.6
whisper-large,76,slurp_ecommerce,audio/open_source/delete item 11.wav,delete item, Delete item,394.9
whisper-large,77,slurp_ecommerce,audio/open_source/delete item 12.wav,delete item, Delete item.,396.7
whisper-large,78,slurp_ecommerce,audio/open_source/delete item 13.wav,delete item, Delete item.,472.3
whisper-large,79,slurp_ecommerce,audio/open_source/delete item 14.wav,delete item, Delete item.,396.1
whisper-large,80,slurp_ecommerce,audio/open_source/delete item 15.wav,delete item, Delete item.,394.0
whisper-large,81,slurp_ecommerce,audio/open_source/delete item 16.wav,delete item, Delete item.,396.9
whisper-large,82,slurp_ecommerce,audio/open_source/delete item 17.wav,delete item, Elite item.,396.1
whisper-large,83,slurp_ecommerce,audio/open_source/delete item 18.wav,delete item," David, I'll take it.",622.7
whisper-large,84,slurp_ecommerce,audio/open_source/delete item 19.wav,delete item, Delete item.,390.1
whisper-large,85,slurp_ecommerce,audio/open_source/delete item 20.wav,delete item, Delete item.,468.9
whisper-large,86,slurp_ecommerce,audio/open_source/delete item 21.wav,delete item, Delete the item.,433.1
whisper-large,87,slurp_ecommerce,audio/open_source/delete item 22.wav,delete item, Delete the item.,427.9
whisper-large,88,slurp_ecommerce,audio/open_source/add detergent to the list of things i need to buy.wav,add detergent to the list of things i need to buy, Add detergent to the list of things I need to buy.,785.1
whisper-large,89,slurp_ecommerce,audio/open_source/add detergent to the list of things i need to buy 2.wav,add detergent to the list of things i need to buy, Add detergent to the list of things I need to buy.,824.1
whisper-large,90,slurp_ecommerce,audio/open_source/add detergent to the list of things i need to buy 3.wav,add detergent to the list of things i need to buy, I have to search the list of things I need to buy.,845.3
whisper-large,91,slurp_ecommerce,audio/open_source/olly clear the list.wav,olly clear the list, Only clear the list.,472.0
whisper-large,92,slurp_ecommerce,audio/open_source/olly does shibaru sushi deliver.wav,olly does shibaru sushi deliver, Olli does shibari sushi deliver.,622.4
whisper-large,93,slurp_ecommerce,audio/open_source/olly does shibaru sushi deliver 2.wav,olly does shibaru sushi deliver," Oli, does Shibaru Sushi deliver?",702.6
whisper-large,94,slurp_ecommerce,audio/open_source/olly does shibaru sushi deliver 3.wav,olly does shibaru sushi deliver," Oli, does Shibaru Sushi deliver?",700.2
whisper-large,95,slurp_ecommerce,audio/open_source/olly does shibaru sushi deliver 4.wav,olly does shibaru sushi deliver," Ollie, does Shibaru Sushi deliver?",710.0
whisper-large,96,slurp_ecommerce,audio/open_source/olly does shibaru sushi deliver 5.wav,olly does shibaru sushi deliver," Ollie, does Shibaru Sushi deliver?",706.7
whisper-large,97,slurp_ecommerce,audio/open_source/add this to the list.wav,add this to the list, Add this to the list.,510.2
whisper-large,98,slurp_ecommerce,audio/open_source/is the last order is ready.wav,is the last order is ready, Is the last order is ready?,738.4
whisper-large,99,slurp_ecommerce,audio/open_source/is the last order is ready 2.wav,is the last order is ready, Is the last order is ready?,586.2
whisper-large,100,recorded_clean_news,audio/recorded/clean/Any recent news about NASA?.wav,Any recent news about NASA?, Any recent news about NASA?,543.1
whisper-large,101,recorded_clean_ecommerce,audio/recorded/clean/Find me some shoes similar to Elon Musk.wav,Find me some shoes similar to Elon Musk, Find me some shoes similar to Elon Musk.,668.1
whisper-large,102,recorded_clean_ecommerce,audio/recorded/clean/Get me some Nike shoes from Amazon.wav,Get me some Nike shoes from Amazon, Get me some Nike shoes from Amazon.,587.3
whisper-large,103,recorded_clean_news,audio/recorded/clean/Give me news about Trump at UN.wav,Give me news about Trump at UN, Give me news about Trump at UN.,660.0
whisper-large,104,recorded_clean_ecommerce,audio/recorded/clean/Looking for some good office chair.wav,Looking for some good office chair, Looking for some good office chair?,539.6
whisper-large,105,recorded_clean_news,audio/recorded/clean/Show me some news about Trump.wav,Show me some news about Trump, Show me some news about Trump.,550.2
whisper-large,106,recorded_clean_ecommerce,audio/recorded/clean/Show me some t-shirts from Amazon.com.wav,Show me some t-shirts from Amazon.com, Show me some t-shirts from amazon.com,705.2
whisper-large,107,recorded_clean_ecommerce,audio/recorded/clean/Show me some wireless headphones from eBay.wav,Show me some wireless headphones from eBay, show me some wireless headphones from ebay,629.2
whisper-large,108,recorded_clean_news,audio/recorded/clean/Tell me some latest news about Barack Obama.wav,Tell me some latest news about Barack Obama, Tell me some latest news about Barack Obama.,664.1
whisper-large,109,recorded_clean_news,audio/recorded/clean/Trump news.wav,Trump news, Trump News,466.1
whisper-large,110,recorded_clean_news,audio/recorded/clean/Well tell me some news about Tom Cruise.wav,Well tell me some news about Tom Cruise," Well, tell me some news about Tom Cruise.",669.7
whisper-large,111,recorded_clean_news,audio/recorded/clean/What's happening at Washington DC these days?.wav,What's happening at Washington DC these days?, What's happening at Washington DC these days?,777.3
whisper-large,112,recorded_clean_news,audio/recorded/clean/What's the news about Apple's new iPhone?.wav,What's the news about Apple's new iPhone?, What's the news about Apple's new iPhone?,665.4
whisper-large,113,recorded_clean_news,audio/recorded/clean/What's up with Trump these days?.wav,What's up with Trump these days?, What's up with Trump these days?,594.2
whisper-large,114,recorded_clean_ecommerce,audio/recorded/clean/show me some adidas running shoes.wav,show me some adidas running shoes, show me some adidas running shoes,605.4
whisper-large,115,recorded_noisy_news,audio/recorded/noisy/Any recent news about NASA?_Claps & Cheers_-5.wav,Any recent news about NASA?, Any recent news about NASA?,539.1
whisper-large,116,recorded_noisy_news,audio/recorded/noisy/Any recent news about NASA?_Claps & Cheers_0.wav,Any recent news about NASA?, Any recent news about NASA?,548.8
whisper-large,117,recorded_noisy_news,audio/recorded/noisy/Any recent news about NASA?_Claps & Cheers_10.wav,Any recent news about NASA?, Any recent news about NASA?,550.3
whisper-large,118,recorded_noisy_news,audio/recorded/noisy/Any recent news about NASA?_Claps & Cheers_5.wav,Any recent news about NASA?, Any recent news about NASA?,546.9
whisper-large,119,recorded_noisy_news,audio/recorded/noisy/Any recent news about NASA?_Retail Ambient Noise_-5.wav,Any recent news about NASA?, Do you need to sit in front of the house?,779.1
whisper-large,120,recorded_noisy_news,audio/recorded/noisy/Any recent news about NASA?_Retail Ambient Noise_0.wav,Any recent news about NASA?, Any decent news about NASA?,585.6
whisper-large,121,recorded_noisy_news,audio/recorded/noisy/Any recent news about NASA?_Retail Ambient Noise_10.wav,Any recent news about NASA?, Any recent news about NASA?,548.3
whisper-large,122,recorded_noisy_news,audio/recorded/noisy/Any recent news about NASA?_Retail Ambient Noise_5.wav,Any recent news about NASA?, Any decent news about NASA?,546.7
whisper-large,123,recorded_noisy_news,audio/recorded/noisy/Any recent news about NASA?_Traffic & Wind_-5.wav,Any recent news about NASA?, Any recent news about NASA?,549.0
whisper-large,124,recorded_noisy_news,audio/recorded/noisy/Any recent news about NASA?_Traffic & Wind_0.wav,Any recent news about NASA?, Any recent news about NASA?,547.2
whisper-large,125,recorded_noisy_news,audio/recorded/noisy/Any recent news about NASA?_Traffic & Wind_10.wav,Any recent news about NASA?, Any recent news about NASA?,549.9
whisper-large,126,recorded_noisy_news,audio/recorded/noisy/Any recent news about NASA?_Traffic & Wind_5.wav,Any recent news about NASA?, Any recent news about NASA?,547.2
whisper-large,127,recorded_noisy_ecommerce,audio/recorded/noisy/Find me some shoes similar to Elon Musk_Claps & Cheers_-5.wav,Find me some shoes similar to Elon Musk, Find me some shoes similar to Elon Musk.,666.6
whisper-large,128,recorded_noisy_ecommerce,audio/recorded/noisy/Find me some shoes similar to Elon Musk_Claps & Cheers_0.wav,Find me some shoes similar to Elon Musk, Find me some shoes similar to Elon Musk.,666.4
whisper-large,129,recorded_noisy_ecommerce,audio/recorded/noisy/Find me some shoes similar to Elon Musk_Claps & Cheers_10.wav,Find me some shoes similar to Elon Musk, Find me some shoes similar to Elon Musk.,665.7
whisper-large,130,recorded_noisy_ecommerce,audio/recorded/noisy/Find me some shoes similar to Elon Musk_Claps & Cheers_5.wav,Find me some shoes similar to Elon Musk, Find me some shoes similar to Elon Musk.,666.0
whisper-large,131,recorded_noisy_ecommerce,audio/recorded/noisy/Find me some shoes similar to Elon Musk_Retail Ambient Noise_-5.wav,Find me some shoes similar to Elon Musk, I know some shows similar to Elon Musk,664.8
whisper-large,132,recorded_noisy_ecommerce,audio/recorded/noisy/Find me some shoes similar to Elon Musk_Retail Ambient Noise_0.wav,Find me some shoes similar to Elon Musk, kind of a assumption similar to Elon Musk,630.8
whisper-large,133,recorded_noisy_ecommerce,audio/recorded/noisy/Find me some shoes similar to Elon Musk_Retail Ambient Noise_10.wav,Find me some shoes similar to Elon Musk, Find me some shoes similar to Elon Musk,665.9
whisper-large,134,recorded_noisy_ecommerce,audio/recorded/noisy/Find me some shoes similar to Elon Musk_Retail Ambient Noise_5.wav,Find me some shoes similar to Elon Musk, Find me some shoes similar to Elon Musk,626.7
whisper-large,135,recorded_noisy_ecommerce,audio/recorded/noisy/Find me some shoes similar to Elon Musk_Traffic & Wind_-5.wav,Find me some shoes similar to Elon Musk, Find me some shoes similar to Elon Musk.,630.6
whisper-large,136,recorded_noisy_ecommerce,audio/recorded/noisy/Find me some shoes similar to Elon Musk_Traffic & Wind_0.wav,Find me some shoes similar to Elon Musk, Find me some shoes similar to Elon Musk.,663.3
whisper-large,137,recorded_noisy_ecommerce,audio/recorded/noisy/Find me some shoes similar to Elon Musk_Traffic & Wind_10.wav,Find me some shoes similar to Elon Musk, Find me some shoes similar to Elon Musk.,663.1
whisper-large,138,recorded_noisy_ecommerce,audio/recorded/noisy/Find me some shoes similar to Elon Musk_Traffic & Wind_5.wav,Find me some shoes similar to Elon Musk, Find me some shoes similar to Elon Musk.,666.5
whisper-large,139,recorded_noisy_ecommerce,audio/recorded/noisy/Get me some Nike shoes from Amazon_Claps & Cheers_-5.wav,Get me some Nike shoes from Amazon, Get me some Nike shoes from Amazon.,587.2
whisper-large,140,recorded_noisy_ecommerce,audio/recorded/noisy/Get me some Nike shoes from Amazon_Claps & Cheers_0.wav,Get me some Nike shoes from Amazon, Get me some Nike shoes from Amazon.,592.9
whisper-large,141,recorded_noisy_ecommerce,audio/recorded/noisy/Get me some Nike shoes from Amazon_Claps & Cheers_10.wav,Get me some Nike shoes from Amazon, Get me some Nike shoes from Amazon.,590.4
whisper-large,142,recorded_noisy_ecommerce,audio/recorded/noisy/Get me some Nike shoes from Amazon_Claps & Cheers_5.wav,Get me some Nike shoes from Amazon, Get me some Nike shoes from Amazon.,591.9
whisper-large,143,recorded_noisy_ecommerce,audio/recorded/noisy/Get me some Nike shoes from Amazon_Retail Ambient Noise_-5.wav,Get me some Nike shoes from Amazon, Get me some nightgowns from Amazon.,744.5
whisper-large,144,recorded_noisy_ecommerce,audio/recorded/noisy/Get me some Nike shoes from Amazon_Retail Ambient Noise_0.wav,Get me some Nike shoes from Amazon, Get me some nightgowns from Amazon.,666.0
whisper-large,145,recorded_noisy_ecommerce,audio/recorded/noisy/Get me some Nike shoes from Amazon_Retail Ambient Noise_10.wav,Get me some Nike shoes from Amazon, Get me some Nike shoes from Amazon.,594.0
whisper-large,146,recorded_noisy_ecommerce,audio/recorded/noisy/Get me some Nike shoes from Amazon_Retail Ambient Noise_5.wav,Get me some Nike shoes from Amazon, Get me some Nike shoes from Amazon.,586.3
whisper-large,147,recorded_noisy_ecommerce,audio/recorded/noisy/Get me some Nike shoes from Amazon_Traffic & Wind_-5.wav,Get me some Nike shoes from Amazon, Get me some Nike shoes from Amazon.,630.5
whisper-large,148,recorded_noisy_ecommerce,audio/recorded/noisy/Get me some Nike shoes from Amazon_Traffic & Wind_0.wav,Get me some Nike shoes from Amazon, Get me some Nike shoes from Amazon.,591.5
whisper-large,149,recorded_noisy_ecommerce,audio/recorded/noisy/Get me some Nike shoes from Amazon_Traffic & Wind_10.wav,Get me some Nike shoes from Amazon, Get me some Nike shoes from Amazon.,588.9
whisper-large,150,recorded_noisy_ecommerce,audio/recorded/noisy/Get me some Nike shoes from Amazon_Traffic & Wind_5.wav,Get me some Nike shoes from Amazon, Get me some Nike shoes from Amazon.,587.3
whisper-large,151,recorded_noisy_news,audio/recorded/noisy/Give me news about Trump at UN_Claps & Cheers_-5.wav,Give me news about Trump at UN, Give me news about Trump at UN,657.6
whisper-large,152,recorded_noisy_news,audio/recorded/noisy/Give me news about Trump at UN_Claps & Cheers_0.wav,Give me news about Trump at UN, Give me news about Trump at UN,664.8
whisper-large,153,recorded_noisy_news,audio/recorded/noisy/Give me news about Trump at UN_Claps & Cheers_10.wav,Give me news about Trump at UN, Give me news about Trump at UN,662.1
whisper-large,154,recorded_noisy_news,audio/recorded/noisy/Give me news about Trump at UN_Claps & Cheers_5.wav,Give me news about Trump at UN, Give me news about Trump at UN,661.0
whisper-large,155,recorded_noisy_news,audio/recorded/noisy/Give me news about Trump at UN_Retail Ambient Noise_-5.wav,Give me news about Trump at UN," Give me a minute to pop on the rocker, do you mind?",847.7
whisper-large,156,recorded_noisy_news,audio/recorded/noisy/Give me news about Trump at UN_Retail Ambient Noise_0.wav,Give me news about Trump at UN, Give me news about Trump at UN,673.2
whisper-large,157,recorded_noisy_news,audio/recorded/noisy/Give me news about Trump at UN_Retail Ambient Noise_10.wav,Give me news about Trump at UN, Give me news about Trump at UN.,664.1
whisper-large,158,recorded_noisy_news,audio/recorded/noisy/Give me news about Trump at UN_Retail Ambient Noise_5.wav,Give me news about Trump at UN, Give me news about Trump at UN.,661.3
whisper-large,159,recorded_noisy_news,audio/recorded/noisy/Give me news about Trump at UN_Traffic & Wind_-5.wav,Give me news about Trump at UN, Give me news about Trump at UN,661.8
whisper-large,160,recorded_noisy_news,audio/recorded/noisy/Give me news about Trump at UN_Traffic & Wind_0.wav,Give me news about Trump at UN, Give me news about Trump at UN.,670.0
whisper-large,161,recorded_noisy_news,audio/recorded/noisy/Give me news about Trump at UN_Traffic & Wind_10.wav,Give me news about Trump at UN, Give me news about Trump at UN.,658.8
whisper-large,162,recorded_noisy_news,audio/recorded/noisy/Give me news about Trump at UN_Traffic & Wind_5.wav,Give me news about Trump at UN, Give me news about Trump at UN.,658.3
whisper-large,163,recorded_noisy_ecommerce,audio/recorded/noisy/Looking for some good office chair_Claps & Cheers_-5.wav,Looking for some good office chair, Looking for some good office here,541.1
whisper-large,164,recorded_noisy_ecommerce,audio/recorded/noisy/Looking for some good office chair_Claps & Cheers_0.wav,Looking for some good office chair, Looking for some good office here,549.3
whisper-large,165,recorded_noisy_ecommerce,audio/recorded/noisy/Looking for some good office chair_Claps & Cheers_10.wav,Looking for some good office chair, Looking for some good office here?,556.8
whisper-large,166,recorded_noisy_ecommerce,audio/recorded/noisy/Looking for some good office chair_Claps & Cheers_5.wav,Looking for some good office chair, Looking for some good office here,545.2
whisper-large,167,recorded_noisy_ecommerce,audio/recorded/noisy/Looking for some good office chair_Retail Ambient Noise_-5.wav,Looking for some good office chair, Looking for some good office here.,666.2
whisper-large,168,recorded_noisy_ecommerce,audio/recorded/noisy/Looking for some good office chair_Retail Ambient Noise_0.wav,Looking for some good office chair, Looking for some good office here.,551.9
whisper-large,169,recorded_noisy_ecommerce,audio/recorded/noisy/Looking for some good office chair_Retail Ambient Noise_10.wav,Looking for some good office chair, looking for some good office chair,545.6
whisper-large,170,recorded_noisy_ecommerce,audio/recorded/noisy/Looking for some good office chair_Retail Ambient Noise_5.wav,Looking for some good office chair, looking for some good office here,550.7
whisper-large,171,recorded_noisy_ecommerce,audio/recorded/noisy/Looking for some good office chair_Traffic & Wind_-5.wav,Looking for some good office chair, Looking for some good office here.,546.0
whisper-large,172,recorded_noisy_ecommerce,audio/recorded/noisy/Looking for some good office chair_Traffic & Wind_0.wav,Looking for some good office chair, Looking for some good office chair,544.9
whisper-large,173,recorded_noisy_ecommerce,audio/recorded/noisy/Looking for some good office chair_Traffic & Wind_10.wav,Looking for some good office chair, looking for some good office chair,544.0
whisper-large,174,recorded_noisy_ecommerce,audio/recorded/noisy/Looking for some good office chair_Traffic & Wind_5.wav,Looking for some good office chair, Looking for some good office chair,552.6
whisper-large,175,recorded_noisy_news,audio/recorded/noisy/Show me some news about Trump_Claps & Cheers_-5.wav,Show me some news about Trump, Show me some news about strength.,587.2
whisper-large,176,recorded_noisy_news,audio/recorded/noisy/Show me some news about Trump_Claps & Cheers_0.wav,Show me some news about Trump, Show me some news about Trump.,551.3
whisper-large,177,recorded_noisy_news,audio/recorded/noisy/Show me some news about Trump_Claps & Cheers_10.wav,Show me some news about Trump, Show me some news about Trump.,566.6
whisper-large,178,recorded_noisy_news,audio/recorded/noisy/Show me some news about Trump_Claps & Cheers_5.wav,Show me some news about Trump, Show me some news about Trump.,548.1
whisper-large,179,recorded_noisy_news,audio/recorded/noisy/Show me some news about Trump_Retail Ambient Noise_-5.wav,Show me some news about Trump, Two minutes and you'll see what I'm talking about.,738.5
whisper-large,180,recorded_noisy_news,audio/recorded/noisy/Show me some news about Trump_Retail Ambient Noise_0.wav,Show me some news about Trump, Show me some news about Trump.,545.7
whisper-large,181,recorded_noisy_news,audio/recorded/noisy/Show me some news about Trump_Retail Ambient Noise_10.wav,Show me some news about Trump, Show me some news about Trump.,544.4
whisper-large,182,recorded_noisy_news,audio/recorded/noisy/Show me some news about Trump_Retail Ambient Noise_5.wav,Show me some news about Trump, Show me some news about Trump.,546.2
whisper-large,183,recorded_noisy_news,audio/recorded/noisy/Show me some news about Trump_Traffic & Wind_-5.wav,Show me some news about Trump, Show me some news about Trump.,584.3
whisper-large,184,recorded_noisy_news,audio/recorded/noisy/Show me some news about Trump_Traffic & Wind_0.wav,Show me some news about Trump, Show me some news about Trump.,544.6
whisper-large,185,recorded_noisy_news,audio/recorded/noisy/Show me some news about Trump_Traffic & Wind_10.wav,Show me some news about Trump, Show me some news about Trump.,545.3
whisper-large,186,recorded_noisy_news,audio/recorded/noisy/Show me some news about Trump_Traffic & Wind_5.wav,Show me some news about Trump, Show me some news about Trump.,544.3
whisper-large,187,recorded_noisy_ecommerce,audio/recorded/noisy/Show me some t-shirts from Amazon.com_Claps & Cheers_-5.wav,Show me some t-shirts from Amazon.com, Show me some t-shirts from amazon.com,698.6
whisper-large,188,recorded_noisy_ecommerce,audio/recorded/noisy/Show me some t-shirts from Amazon.com_Claps & Cheers_0.wav,Show me some t-shirts from Amazon.com, Show me some t-shirts from amazon.com,702.3
whisper-large,189,recorded_noisy_ecommerce,audio/recorded/noisy/Show me some t-shirts from Amazon.com_Claps & Cheers_10.wav,Show me some t-shirts from Amazon.com, Show me some t-shirts from amazon.com,698.7
whisper-large,190,recorded_noisy_ecommerce,audio/recorded/noisy/Show me some t-shirts from Amazon.com_Claps & Cheers_5.wav,Show me some t-shirts from Amazon.com, Show me some t-shirts from amazon.com,701.2
whisper-large,191,recorded_noisy_ecommerce,audio/recorded/noisy/Show me some t-shirts from Amazon.com_Retail Ambient Noise_-5.wav,Show me some t-shirts from Amazon.com, Show me some t-shirts from Amazon.com,695.3
whisper-large,192,recorded_noisy_ecommerce,audio/recorded/noisy/Show me some t-shirts from Amazon.com_Retail Ambient Noise_0.wav,Show me some t-shirts from Amazon.com, Show me some t-shirts from amazon.com,668.5
whisper-large,193,recorded_noisy_ecommerce,audio/recorded/noisy/Show me some t-shirts from Amazon.com_Retail Ambient Noise_10.wav,Show me some t-shirts from Amazon.com, Show me some t-shirts from amazon.com,701.5
whisper-large,194,recorded_noisy_ecommerce,audio/recorded/noisy/Show me some t-shirts from Amazon.com_Retail Ambient Noise_5.wav,Show me some t-shirts from Amazon.com, Show me some t-shirts from amazon.com,700.6
whisper-large,195,recorded_noisy_ecommerce,audio/recorded/noisy/Show me some t-shirts from Amazon.com_Traffic & Wind_-5.wav,Show me some t-shirts from Amazon.com, Show me some t-shirts from amazon.com,697.3
whisper-large,196,recorded_noisy_ecommerce,audio/recorded/noisy/Show me some t-shirts from Amazon.com_Traffic & Wind_0.wav,Show me some t-shirts from Amazon.com, Show me some t-shirts from amazon.com,698.9
whisper-large,197,recorded_noisy_ecommerce,audio/recorded/noisy/Show me some t-shirts from Amazon.com_Traffic & Wind_10.wav,Show me some t-shirts from Amazon.com, Show me some t-shirts from amazon.com,699.1
whisper-large,198,recorded_noisy_ecommerce,audio/recorded/noisy/Show me some t-shirts from Amazon.com_Traffic & Wind_5.wav,Show me some t-shirts from Amazon.com, Show me some t-shirts from amazon.com,697.2
whisper-large,199,recorded_noisy_ecommerce,audio/recorded/noisy/Show me some wireless headphones from eBay_Claps & Cheers_-5.wav,Show me some wireless headphones from eBay, Show me some wireless headphones from eBay,584.4
whisper-large,200,recorded_noisy_ecommerce,audio/recorded/noisy/Show me some wireless headphones from eBay_Claps & Cheers_0.wav,Show me some wireless headphones from eBay, show me some wireless headphones from ebay,616.5
whisper-large,201,recorded_noisy_ecommerce,audio/recorded/noisy/Show me some wireless headphones from eBay_Claps & Cheers_10.wav,Show me some wireless headphones from eBay, show me some wireless headphones from ebay,622.9
whisper-large,202,recorded_noisy_ecommerce,audio/recorded/noisy/Show me some wireless headphones from eBay_Claps & Cheers_5.wav,Show me some wireless headphones from eBay, show me some wireless headphones from ebay,621.7
whisper-large,203,recorded_noisy_ecommerce,audio/recorded/noisy/Show me some wireless headphones from eBay_Retail Ambient Noise_-5.wav,Show me some wireless headphones from eBay, Show me some paradise right now,616.6
whisper-large,204,recorded_noisy_ecommerce,audio/recorded/noisy/Show me some wireless headphones from eBay_Retail Ambient Noise_0.wav,Show me some wireless headphones from eBay, Show me some wireless headphones from eBay,583.7
whisper-large,205,recorded_noisy_ecommerce,audio/recorded/noisy/Show me some wireless headphones from eBay_Retail Ambient Noise_10.wav,Show me some wireless headphones from eBay, show me some wireless headphones from ebay,594.0
whisper-large,206,recorded_noisy_ecommerce,audio/recorded/noisy/Show me some wireless headphones from eBay_Retail Ambient Noise_5.wav,Show me some wireless headphones from eBay, Show me some wireless headphones from eBay,591.0
whisper-large,207,recorded_noisy_ecommerce,audio/recorded/noisy/Show me some wireless headphones from eBay_Traffic & Wind_-5.wav,Show me some wireless headphones from eBay, Show me some wireless headphones from eBay,588.9
whisper-large,208,recorded_noisy_ecommerce,audio/recorded/noisy/Show me some wireless headphones from eBay_Traffic & Wind_0.wav,Show me some wireless headphones from eBay, show me some wireless headphones from ebay,586.8
whisper-large,209,recorded_noisy_ecommerce,audio/recorded/noisy/Show me some wireless headphones from eBay_Traffic & Wind_10.wav,Show me some wireless headphones from eBay, show me some wireless headphones from ebay,608.3
whisper-large,210,recorded_noisy_ecommerce,audio/recorded/noisy/Show me some wireless headphones from eBay_Traffic & Wind_5.wav,Show me some wireless headphones from eBay, show me some wireless headphones from ebay,595.4
whisper-large,211,recorded_noisy_news,audio/recorded/noisy/Tell me some latest news about Barack Obama_Claps & Cheers_-5.wav,Tell me some latest news about Barack Obama, Tell me some latest news about Barack Obama,622.4
whisper-large,212,recorded_noisy_news,audio/recorded/noisy/Tell me some latest news about Barack Obama_Claps & Cheers_0.wav,Tell me some latest news about Barack Obama, Tell me some latest news about Barack Obama,620.9
whisper-large,213,recorded_noisy_news,audio/recorded/noisy/Tell me some latest news about Barack Obama_Claps & Cheers_10.wav,Tell me some latest news about Barack Obama, Tell me some latest news about Barack Obama,659.4
whisper-large,214,recorded_noisy_news,audio/recorded/noisy/Tell me some latest news about Barack Obama_Claps & Cheers_5.wav,Tell me some latest news about Barack Obama, Tell me some latest news about Barack Obama,620.1
whisper-large,215,recorded_noisy_news,audio/recorded/noisy/Tell me some latest news about Barack Obama_Retail Ambient Noise_-5.wav,Tell me some latest news about Barack Obama," Tell me soon, I guess we won't be able to run for a month",915.8
whisper-large,216,recorded_noisy_news,audio/recorded/noisy/Tell me some latest news about Barack Obama_Retail Ambient Noise_0.wav,Tell me some latest news about Barack Obama, Tell me some latest news about Barack Obama,622.6
whisper-large,217,recorded_noisy_news,audio/recorded/noisy/Tell me some latest news about Barack Obama_Retail Ambient Noise_10.wav,Tell me some latest news about Barack Obama, Tell me some latest news about Barack Obama,622.0
whisper-large,218,recorded_noisy_news,audio/recorded/noisy/Tell me some latest news about Barack Obama_Retail Ambient Noise_5.wav,Tell me some latest news about Barack Obama, Tell me some latest news about Barack Obama,632.3
whisper-large,219,recorded_noisy_news,audio/recorded/noisy/Tell me some latest news about Barack Obama_Traffic & Wind_-5.wav,Tell me some latest news about Barack Obama, Tell me some latest news about Barack Obama,627.4
whisper-large,220,recorded_noisy_news,audio/recorded/noisy/Tell me some latest news about Barack Obama_Traffic & Wind_0.wav,Tell me some latest news about Barack Obama, Tell me some latest news about Barack Obama,626.3
whisper-large,221,recorded_noisy_news,audio/recorded/noisy/Tell me some latest news about Barack Obama_Traffic & Wind_10.wav,Tell me some latest news about Barack Obama, Tell me some latest news about Barack Obama.,622.4
whisper-large,222,recorded_noisy_news,audio/recorded/noisy/Tell me some latest news about Barack Obama_Traffic & Wind_5.wav,Tell me some latest news about Barack Obama, Tell me some latest news about Barack Obama,641.1
whisper-large,223,recorded_noisy_news,audio/recorded/noisy/Trump news_Claps & Cheers_-5.wav,Trump news, Trump News,396.4
whisper-large,224,recorded_noisy_news,audio/recorded/noisy/Trump news_Claps & Cheers_0.wav,Trump news, Trump News,511.1
whisper-large,225,recorded_noisy_news,audio/recorded/noisy/Trump news_Claps & Cheers_10.wav,Trump news, Trump News,509.1
whisper-large,226,recorded_noisy_news,audio/recorded/noisy/Trump news_Claps & Cheers_5.wav,Trump news, Trump News,507.2
whisper-large,227,recorded_noisy_news,audio/recorded/noisy/Trump news_Retail Ambient Noise_-5.wav,Trump news, Trump News,508.1
whisper-large,228,recorded_noisy_news,audio/recorded/noisy/Trump news_Retail Ambient Noise_0.wav,Trump news, Trump News,397.9
whisper-large,229,recorded_noisy_news,audio/recorded/noisy/Trump news_Retail Ambient Noise_10.wav,Trump news, Trump News,393.5
whisper-large,230,recorded_noisy_news,audio/recorded/noisy/Trump news_Retail Ambient Noise_5.wav,Trump news, Trump News,404.7
whisper-large,231,recorded_noisy_news,audio/recorded/noisy/Trump news_Traffic & Wind_-5.wav,Trump news, Trump News,401.9
whisper-large,232,recorded_noisy_news,audio/recorded/noisy/Trump news_Traffic & Wind_0.wav,Trump news, Trump News,404.9
whisper-large,233,recorded_noisy_news,audio/recorded/noisy/Trump news_Traffic & Wind_10.wav,Trump news, Trump News,476.0
whisper-large,234,recorded_noisy_news,audio/recorded/noisy/Trump news_Traffic & Wind_5.wav,Trump news, Trump News,470.8
whisper-large,235,recorded_noisy_news,audio/recorded/noisy/Well tell me some news about Tom Cruise_Claps & Cheers_-5.wav,Well tell me some news about Tom Cruise, Will tell me some news about Tom Cruise,677.3
whisper-large,236,recorded_noisy_news,audio/recorded/noisy/Well tell me some news about Tom Cruise_Claps & Cheers_0.wav,Well tell me some news about Tom Cruise," Well, tell me some news about Tom Cruise.",672.7
whisper-large,237,recorded_noisy_news,audio/recorded/noisy/Well tell me some news about Tom Cruise_Claps & Cheers_10.wav,Well tell me some news about Tom Cruise," Well, tell me some news about Tom Cruise.",684.6
whisper-large,238,recorded_noisy_news,audio/recorded/noisy/Well tell me some news about Tom Cruise_Claps & Cheers_5.wav,Well tell me some news about Tom Cruise," Well, tell me some news about Tom Cruise.",668.1
whisper-large,239,recorded_noisy_news,audio/recorded/noisy/Well tell me some news about Tom Cruise_Retail Ambient Noise_-5.wav,Well tell me some news about Tom Cruise, When did this happen? I don't know.,854.8
whisper-large,240,recorded_noisy_news,audio/recorded/noisy/Well tell me some news about Tom Cruise_Retail Ambient Noise_0.wav,Well tell me some news about Tom Cruise, Will you tell me some news about Tom Cruise?,672.9
whisper-large,241,recorded_noisy_news,audio/recorded/noisy/Well tell me some news about Tom Cruise_Retail Ambient Noise_10.wav,Well tell me some news about Tom Cruise, Will tell me some news about Tom Cruise.,695.6
whisper-large,242,recorded_noisy_news,audio/recorded/noisy/Well tell me some news about Tom Cruise_Retail Ambient Noise_5.wav,Well tell me some news about Tom Cruise, Will tell me some news about Tom Cruise,635.2
whisper-large,243,recorded_noisy_news,audio/recorded/noisy/Well tell me some news about Tom Cruise_Traffic & Wind_-5.wav,Well tell me some news about Tom Cruise, Will tell me some news about Tom Cruise.,669.2
whisper-large,244,recorded_noisy_news,audio/recorded/noisy/Well tell me some news about Tom Cruise_Traffic & Wind_0.wav,Well tell me some news about Tom Cruise, Will tell me some news about Tom Cruise.,674.0
whisper-large,245,recorded_noisy_news,audio/recorded/noisy/Well tell me some news about Tom Cruise_Traffic & Wind_10.wav,Well tell me some news about Tom Cruise," Well, tell me some news about Tom Cruise.",672.6
whisper-large,246,recorded_noisy_news,audio/recorded/noisy/Well tell me some news about Tom Cruise_Traffic & Wind_5.wav,Well tell me some news about Tom Cruise, Will tell me some news about Tom Cruise.,667.6
whisper-large,247,recorded_noisy_news,audio/recorded/noisy/What's happening at Washington DC these days?_Claps & Cheers_-5.wav,What's happening at Washington DC these days?, What's happening at Washington DC these days?,743.7
whisper-large,248,recorded_noisy_news,audio/recorded/noisy/What's happening at Washington DC these days?_Claps & Cheers_0.wav,What's happening at Washington DC these days?, What's happening at Washington DC these days?,790.9
whisper-large,249,recorded_noisy_news,audio/recorded/noisy/What's happening at Washington DC these days?_Claps & Cheers_10.wav,What's happening at Washington DC these days?, What's happening at Washington DC these days?,781.6
whisper-large,250,recorded_noisy_news,audio/recorded/noisy/What's happening at Washington DC these days?_Claps & Cheers_5.wav,What's happening at Washington DC these days?, What's happening at Washington DC these days?,790.8
whisper-large,251,recorded_noisy_news,audio/recorded/noisy/What's happening at Washington DC these days?_Retail Ambient Noise_-5.wav,What's happening at Washington DC these days?, What's happening at Washington DC these days?,762.0
whisper-large,252,recorded_noisy_news,audio/recorded/noisy/What's happening at Washington DC these days?_Retail Ambient Noise_0.wav,What's happening at Washington DC these days?, what's happening at Washington DC these days,634.2
whisper-large,253,recorded_noisy_news,audio/recorded/noisy/What's happening at Washington DC these days?_Retail Ambient Noise_10.wav,What's happening at Washington DC these days?, what's happening at Washington DC these days,679.5
whisper-large,254,recorded_noisy_news,audio/recorded/noisy/What's happening at Washington DC these days?_Retail Ambient Noise_5.wav,What's happening at Washington DC these days?, what's happening at Washington DC these days,639.1
whisper-large,255,recorded_noisy_news,audio/recorded/noisy/What's happening at Washington DC these days?_Traffic & Wind_-5.wav,What's happening at Washington DC these days?, What's happening at Washington DC these days?,787.1
whisper-large,256,recorded_noisy_news,audio/recorded/noisy/What's happening at Washington DC these days?_Traffic & Wind_0.wav,What's happening at Washington DC these days?, What's happening at Washington DC these days?,789.6
whisper-large,257,recorded_noisy_news,audio/recorded/noisy/What's happening at Washington DC these days?_Traffic & Wind_10.wav,What's happening at Washington DC these days?, What's happening at Washington DC these days?,782.5
whisper-large,258,recorded_noisy_news,audio/recorded/noisy/What's happening at Washington DC these days?_Traffic & Wind_5.wav,What's happening at Washington DC these days?, What's happening at Washington DC these days?,778.7
whisper-large,259,recorded_noisy_news,audio/recorded/noisy/What's the news about Apple's new iPhone?_Claps & Cheers_-5.wav,What's the news about Apple's new iPhone?, What's the news about Apple's new iPhone?,667.6
whisper-large,260,recorded_noisy_news,audio/recorded/noisy/What's the news about Apple's new iPhone?_Claps & Cheers_0.wav,What's the news about Apple's new iPhone?, What's the news about Apple's new iPhone?,666.3
whisper-large,261,recorded_noisy_news,audio/recorded/noisy/What's the news about Apple's new iPhone?_Claps & Cheers_10.wav,What's the news about Apple's new iPhone?, What's the news about Apple's new iPhone?,686.0
whisper-large,262,recorded_noisy_news,audio/recorded/noisy/What's the news about Apple's new iPhone?_Claps & Cheers_5.wav,What's the news about Apple's new iPhone?, What's the news about Apple's new iPhone?,664.5
whisper-large,263,recorded_noisy_news,audio/recorded/noisy/What's the news about Apple's new iPhone?_Retail Ambient Noise_-5.wav,What's the news about Apple's new iPhone?, What's the news at the moment? What's going on here?,809.6
whisper-large,264,recorded_noisy_news,audio/recorded/noisy/What's the news about Apple's new iPhone?_Retail Ambient Noise_0.wav,What's the news about Apple's new iPhone?, What's the news about Apple's new iPhone?,675.6
whisper-large,265,recorded_noisy_news,audio/recorded/noisy/What's the news about Apple's new iPhone?_Retail Ambient Noise_10.wav,What's the news about Apple's new iPhone?, What's the news about Apple's new iPhone?,675.3
whisper-large,266,recorded_noisy_news,audio/recorded/noisy/What's the news about Apple's new iPhone?_Retail Ambient Noise_5.wav,What's the news about Apple's new iPhone?, What's the news about Apple's new iPhone?,667.3
whisper-large,267,recorded_noisy_news,audio/recorded/noisy/What's the news about Apple's new iPhone?_Traffic & Wind_-5.wav,What's the news about Apple's new iPhone?, What's the news about Apple's new iPhone?,668.1
whisper-large,268,recorded_noisy_news,audio/recorded/noisy/What's the news about Apple's new iPhone?_Traffic & Wind_0.wav,What's the news about Apple's new iPhone?, What's the news about Apple's new iPhone?,665.6
whisper-large,269,recorded_noisy_news,audio/recorded/noisy/What's the news about Apple's new iPhone?_Traffic & Wind_10.wav,What's the news about Apple's new iPhone?, What's the news about Apple's new iPhone?,670.4
whisper-large,270,recorded_noisy_news,audio/recorded/noisy/What's the news about Apple's new iPhone?_Traffic & Wind_5.wav,What's the news about Apple's new iPhone?, What's the news about Apple's new iPhone?,663.3
whisper-large,271,recorded_noisy_news,audio/recorded/noisy/What's up with Trump these days?_Claps & Cheers_-5.wav,What's up with Trump these days?, What's up with Trump these days?,581.3
whisper-large,272,recorded_noisy_news,audio/recorded/noisy/What's up with Trump these days?_Claps & Cheers_0.wav,What's up with Trump these days?, What's up with Trump these days?,589.8
whisper-large,273,recorded_noisy_news,audio/recorded/noisy/What's up with Trump these days?_Claps & Cheers_10.wav,What's up with Trump these days?, What's up with Trump these days?,585.5
whisper-large,274,recorded_noisy_news,audio/recorded/noisy/What's up with Trump these days?_Claps & Cheers_5.wav,What's up with Trump these days?, What's up with Trump these days?,590.8
whisper-large,275,recorded_noisy_news,audio/recorded/noisy/What's up with Trump these days?_Retail Ambient Noise_-5.wav,What's up with Trump these days?, What's up with the room these days?,620.9
whisper-large,276,recorded_noisy_news,audio/recorded/noisy/What's up with Trump these days?_Retail Ambient Noise_0.wav,What's up with Trump these days?, Whatsapp with Trump these days,548.8
whisper-large,277,recorded_noisy_news,audio/recorded/noisy/What's up with Trump these days?_Retail Ambient Noise_10.wav,What's up with Trump these days?, Whats up with Trump these days?,589.9
whisper-large,278,recorded_noisy_news,audio/recorded/noisy/What's up with Trump these days?_Retail Ambient Noise_5.wav,What's up with Trump these days?, Whatsapp with Trump these days,547.2
whisper-large,279,recorded_noisy_news,audio/recorded/noisy/What's up with Trump these days?_Traffic & Wind_-5.wav,What's up with Trump these days?, What's up with Trump these days?,590.1
whisper-large,280,recorded_noisy_news,audio/recorded/noisy/What's up with Trump these days?_Traffic & Wind_0.wav,What's up with Trump these days?, Whats up with Trump these days?,589.5
whisper-large,281,recorded_noisy_news,audio/recorded/noisy/What's up with Trump these days?_Traffic & Wind_10.wav,What's up with Trump these days?, What's up with Trump these days?,592.6
whisper-large,282,recorded_noisy_news,audio/recorded/noisy/What's up with Trump these days?_Traffic & Wind_5.wav,What's up with Trump these days?, What's up with Trump these days?,589.8
whisper-large,283,recorded_noisy_ecommerce,audio/recorded/noisy/show me some adidas running shoes_Claps & Cheers_-5.wav,show me some adidas running shoes, Show me some ShadyDolls running shoes.,703.0
whisper-large,284,recorded_noisy_ecommerce,audio/recorded/noisy/show me some adidas running shoes_Claps & Cheers_0.wav,show me some adidas running shoes, show me some teddy bears running shoes,627.0
whisper-large,285,recorded_noisy_ecommerce,audio/recorded/noisy/show me some adidas running shoes_Claps & Cheers_10.wav,show me some adidas running shoes, Show me some Adidas running shoes,591.5
whisper-large,286,recorded_noisy_ecommerce,audio/recorded/noisy/show me some adidas running shoes_Claps & Cheers_5.wav,show me some adidas running shoes, Show me some Adidas running shoes,615.1
whisper-large,287,recorded_noisy_ecommerce,audio/recorded/noisy/show me some adidas running shoes_Retail Ambient Noise_-5.wav,show me some adidas running shoes, Show me some pretty dancing on your shoes.,704.8
whisper-large,288,recorded_noisy_ecommerce,audio/recorded/noisy/show me some adidas running shoes_Retail Ambient Noise_0.wav,show me some adidas running shoes, Show me some Adidas running shoes,589.6
whisper-large,289,recorded_noisy_ecommerce,audio/recorded/noisy/show me some adidas running shoes_Retail Ambient Noise_10.wav,show me some adidas running shoes, show me some adidas running shoes,583.9
whisper-large,290,recorded_noisy_ecommerce,audio/recorded/noisy/show me some adidas running shoes_Retail Ambient Noise_5.wav,show me some adidas running shoes, show me some adidas running shoes,587.8
whisper-large,291,recorded_noisy_ecommerce,audio/recorded/noisy/show me some adidas running shoes_Traffic & Wind_-5.wav,show me some adidas running shoes, Show me some Adidas running shoes,582.8
whisper-large,292,recorded_noisy_ecommerce,audio/recorded/noisy/show me some adidas running shoes_Traffic & Wind_0.wav,show me some adidas running shoes, show me some adidas running shoes,584.5
whisper-large,293,recorded_noisy_ecommerce,audio/recorded/noisy/show me some adidas running shoes_Traffic & Wind_10.wav,show me some adidas running shoes, show me some adidas running shoes,549.7
whisper-large,294,recorded_noisy_ecommerce,audio/recorded/noisy/show me some adidas running shoes_Traffic & Wind_5.wav,show me some adidas running shoes, show me some adidas running shoes,556.5
parakeet,0,slurp_news,audio/open_source/what is the exchange rate of us dollar to pound sterling.wav,what is the exchange rate of us dollar to pound sterling,What is the exchange rate of US dollar to pound sterling?,1077.3
parakeet,1,slurp_news,audio/open_source/what is the exchange rate of us dollar to pound sterling 2.wav,what is the exchange rate of us dollar to pound sterling,What is the exchange rate of US dollar to pound stern?,46.9
parakeet,2,slurp_news,audio/open_source/find me info on cars.wav,find me info on cars,Find me info on carves,35.0
parakeet,3,slurp_news,audio/open_source/find me info on cars 2.wav,find me info on cars,Find me info on cars.,31.9
parakeet,4,slurp_news,audio/open_source/find me info on cars 3.wav,find me info on cars,Find me in for cause.,34.0
parakeet,5,slurp_news,audio/open_source/find me info on cars 4.wav,find me info on cars,Finally even for one cause,35.0
parakeet,6,slurp_news,audio/open_source/get me the popular news from bbc.wav,get me the popular news from bbc,Get me the popular news from bbc,36.3
parakeet,7,slurp_news,audio/open_source/get me the popular news from bbc 2.wav,get me the popular news from bbc,Get me the popular news from BBC.,41.5
parakeet,8,slurp_news,audio/open_source/set notification from world news.wav,set notification from world news,Set notification from World News.,60.8
parakeet,9,slurp_news,audio/open_source/set notification from world news 2.wav,set notification from world news,Send notification from world news.,39.7
parakeet,10,slurp_news,audio/open_source/i want to hear the last news from cnn.wav,i want to hear the last news from cnn,I want to hear the last news from C and N.,35.8
parakeet,11,slurp_news,audio/open_source/i want to hear the last news from cnn 2.wav,i want to hear the last news from cnn,I want to hear the last news from CNN.,34.3
parakeet,12,slurp_news,audio/open_source/i want to hear the last news from cnn 3.wav,i want to hear the last news from cnn,I want to hear the last news from Cnn.,35.9
parakeet,13,slurp_news,audio/open_source/i want to hear the last news from cnn 4.wav,i want to hear the last news from cnn,I want to hear the last news from CNN.,37.0
parakeet,14,slurp_news,audio/open_source/i want to know everything that breaks about the dam breaking in california.wav,i want to know everything that breaks about the dam breaking in california,I want to know everything that breaks about the dam breaking in California.,42.3
parakeet,15,slurp_news,audio/open_source/show me news about the environment.wav,show me news about the environment,Show me news about the environment.,38.9
parakeet,16,slurp_news,audio/open_source/show me news about the environment 2.wav,show me news about the environment,Show me news about the environment.,40.5
parakeet,17,slurp_news,audio/open_source/tell me about the new foreign policy of trump.wav,tell me about the new foreign policy of trump,Tell me about the new foreign policy of Trump.,37.7
parakeet,18,slurp_news,audio/open_source/tell me about the new foreign policy of trump 2.wav,tell me about the new foreign policy of trump,Tell me about the new foreign policy of Trump.,39.5
parakeet,19,slurp_news,audio/open_source/here's the truth about meals on wheels in someone's budget.wav,here's the truth about meals on wheels in someone's budget,Here's the truth about meals and wheels in someone's budget,55.5
parakeet,20,slurp_news,audio/open_source/here's the truth about meals on wheels in someone's budget 2.wav,here's the truth about meals on wheels in someone's budget,Here's the truth about meals on wheels in someone's budget.,48.4
parakeet,21,slurp_news,audio/open_source/here's the truth about meals on wheels in someone's budget 3.wav,here's the truth about meals on wheels in someone's budget,Here's the truth about meals on wheels in someone's budget.,47.1
parakeet,22,slurp_news,audio/open_source/here's the truth about meals on wheels in someone's budget 4.wav,here's the truth about meals on wheels in someone's budget,Here's the truth about meals or bills in someone's budget.,50.3
parakeet,23,slurp_news,audio/open_source/here's the truth about meals on wheels in someone's budget 5.wav,here's the truth about meals on wheels in someone's budget,Here's the truth about meals on wheels in someone's budget.,44.1
parakeet,24,slurp_news,audio/open_source/what's happening around the world.wav,what's happening around the world,What's happening around the world?,33.5
parakeet,25,slurp_news,audio/open_source/what's happening around the world 2.wav,what's happening around the world,What's happening around the world?,31.0
parakeet,26,slurp_news,audio/open_source/what's happening around the world 3.wav,what's happening around the world,Happening around the world.,29.5
parakeet,27,slurp_news,audio/open_source/what's happening around the world 4.wav,what's happening around the world,What's happening around the world?,28.7
parakeet,28,slurp_news,audio/open_source/what's happening around the world 5.wav,what's happening around the world,What's happening around the ward?,32.6
parakeet,29,slurp_news,audio/open_source/what's happening around the world 6.wav,what's happening around the world,What's happening around the world?,31.7
parakeet,30,slurp_news,audio/open_source/what's sensational in time of india.wav,what's sensational in time of india,What sensation in time of industry is that?,35.7
parakeet,31,slurp_news,audio/open_source/what's sensational in time of india 2.wav,what's sensational in time of india,What sensation in time of,33.1
parakeet,32,slurp_news,audio/open_source/what's sensational in time of india 3.wav,what's sensational in time of india,What's sensational in Time of India?,35.5
parakeet,33,slurp_news,audio/open_source/what's sensational in time of india 4.wav,what's sensational in time of india,was sensational in Time of India.,35.2
parakeet,34,slurp_news,audio/open_source/what's sensational in time of india 5.wav,what's sensational in time of india,What's Sensational in Time of India?,33.0
parakeet,35,slurp_news,audio/open_source/what's sensational in time of india 6.wav,what's sensational in time of india,What's sensational in Time of India?,34.2
parakeet,36,slurp_news,audio/open_source/tell me some business news.wav,tell me some business news,Tell me something is the news.,32.4
parakeet,37,slurp_news,audio/open_source/tell me some business news 2.wav,tell me some business news,Tell me something is the news.,30.6
parakeet,38,slurp_news,audio/open_source/tell me some business news 3.wav,tell me some business news,Tell me some business news.,30.4
parakeet,39,slurp_news,audio/open_source/tell me some business news 4.wav,tell me some business news,Tell me some business news.,32.0
parakeet,40,slurp_news,audio/open_source/tell me some business news 5.wav,tell me some business news,Tell me some business news.,38.2
parakeet,41,slurp_news,audio/open_source/tell me some business news 6.wav,tell me some business news,Tell me some business news.,32.1
parakeet,42,slurp_news,audio/open_source/tell me some business news 7.wav,tell me some business news,Tell me some business news.,30.7
parakeet,43,slurp_news,audio/open_source/keep me informed about bitcoin price.wav,keep me informed about bitcoin price,Keep me informed about Bitcoin price.,36.1
parakeet,44,slurp_news,audio/open_source/keep me informed about bitcoin price 2.wav,keep me informed about bitcoin price,Keep me informed about Bitcoin price.,36.4
parakeet,45,slurp_news,audio/open_source/keep me informed about bitcoin price 3.wav,keep me informed about bitcoin price,Keep me informed about Bitcoin price.,36.7
parakeet,46,slurp_news,audio/open_source/keep me informed about bitcoin price 4.wav,keep me informed about bitcoin price,Keep me informed about Bitcoin price.,35.4
parakeet,47,slurp_news,audio/open_source/keep me informed about bitcoin price 5.wav,keep me informed about bitcoin price,Keep me informed about bitcoin price.,34.6
parakeet,48,slurp_news,audio/open_source/keep me informed about bitcoin price 6.wav,keep me informed about bitcoin price,Can we inform about Bitcoin price?,38.2
parakeet,49,slurp_news,audio/open_source/what's the latest news on cnn.wav,what's the latest news on cnn,What's the latest news on The Yan?,33.4
parakeet,50,slurp_ecommerce,audio/open_source/take out the milk from the shopping list.wav,take out the milk from the shopping list,Take out the milk from the shopping list.,32.2
parakeet,51,slurp_ecommerce,audio/open_source/take out the milk from the shopping list 2.wav,take out the milk from the shopping list,I take out the milk from the shopping lace.,36.6
parakeet,52,slurp_ecommerce,audio/open_source/say the list.wav,say the list,See the list.,42.0
parakeet,53,slurp_ecommerce,audio/open_source/say the list 2.wav,say the list,Save the list.,28.3
parakeet,54,slurp_ecommerce,audio/open_source/say the list 3.wav,say the list,Say the least.,28.9
parakeet,55,slurp_ecommerce,audio/open_source/i have my clothes list.wav,i have my clothes list,I have my clothes list.,29.3
parakeet,56,slurp_ecommerce,audio/open_source/i have my clothes list 2.wav,i have my clothes list,I have my clothes list.,41.3
parakeet,57,slurp_ecommerce,audio/open_source/what items are on my shopping list.wav,what items are on my shopping list,What items are on my shopping list.,48.0
parakeet,58,slurp_ecommerce,audio/open_source/what items are on my shopping list 2.wav,what items are on my shopping list,What items are on my shopping list?,42.2
parakeet,59,slurp_ecommerce,audio/open_source/remind me of how many lists i have.wav,remind me of how many lists i have,Remind me of how many lists I have.,30.3
parakeet,60,slurp_ecommerce,audio/open_source/remind me of how many lists i have 2.wav,remind me of how many lists i have,Remind me of how many lists I have.,31.2
parakeet,61,slurp_ecommerce,audio/open_source/remind me of how many lists i have 3.wav,remind me of how many lists i have,Remind me of how many lists I have.,29.7
parakeet,62,slurp_ecommerce,audio/open_source/remind me of how many lists i have 4.wav,remind me of how many lists i have,Remind me of how many lists I have.,37.0
parakeet,63,slurp_ecommerce,audio/open_source/add business contacts to contact list.wav,add business contacts to contact list,Add business contacts to contact list.,34.6
parakeet,64,slurp_ecommerce,audio/open_source/add business contacts to contact list 2.wav,add business contacts to contact list,Add business contacts to contact list.,35.6
parakeet,65,slurp_ecommerce,audio/open_source/please find all name start with alphabetic of a and create a list.wav,please find all name start with alphabetic of a and create a list,Please find all the name starts with alphabetic of and create a list.,61.1
parakeet,66,slurp_ecommerce,audio/open_source/delete item.wav,delete item,Delete item.,30.9
parakeet,67,slurp_ecommerce,audio/open_source/delete item 2.wav,delete item,The lead item,30.3
parakeet,68,slurp_ecommerce,audio/open_source/delete item 3.wav,delete item,Delete item.,28.5
parakeet,69,slurp_ecommerce,audio/open_source/delete item 4.wav,delete item,Delete items,28.5
parakeet,70,slurp_ecommerce,audio/open_source/delete item 5.wav,delete item,Delete item.,26.5
parakeet,71,slurp_ecommerce,audio/open_source/delete item 6.wav,delete item,Delete item.,26.9
parakeet,72,slurp_ecommerce,audio/open_source/delete item 7.wav,delete item,Delete item.,28.1
parakeet,73,slurp_ecommerce,audio/open_source/delete item 8.wav,delete item,Delete item.,27.2
parakeet,74,slurp_ecommerce,audio/open_source/delete item 9.wav,delete item,The lead item.,28.8
parakeet,75,slurp_ecommerce,audio/open_source/delete item 10.wav,delete item,The latest item.,36.4
parakeet,76,slurp_ecommerce,audio/open_source/delete item 11.wav,delete item,Delete item,25.7
parakeet,77,slurp_ecommerce,audio/open_source/delete item 12.wav,delete item,Elite item.,29.4
parakeet,78,slurp_ecommerce,audio/open_source/delete item 13.wav,delete item,Delete item,29.1
parakeet,79,slurp_ecommerce,audio/open_source/delete item 14.wav,delete item,Delete item.,27.0
parakeet,80,slurp_ecommerce,audio/open_source/delete item 15.wav,delete item,Delete item.,29.8
parakeet,81,slurp_ecommerce,audio/open_source/delete item 16.wav,delete item,Delete item.,25.6
parakeet,82,slurp_ecommerce,audio/open_source/delete item 17.wav,delete item,Eleat item.,30.4
parakeet,83,slurp_ecommerce,audio/open_source/delete item 18.wav,delete item,Mm. Mm.,38.1
parakeet,84,slurp_ecommerce,audio/open_source/delete item 19.wav,delete item,Delete item.,26.9
parakeet,85,slurp_ecommerce,audio/open_source/delete item 20.wav,delete item,Delete item,27.8
parakeet,86,slurp_ecommerce,audio/open_source/delete item 21.wav,delete item,Delete the item.,27.2
parakeet,87,slurp_ecommerce,audio/open_source/delete item 22.wav,delete item,Delete the item.,28.4
parakeet,88,slurp_ecommerce,audio/open_source/add detergent to the list of things i need to buy.wav,add detergent to the list of things i need to buy,Add a turgent to the list of things I need to buy.,37.1
parakeet,89,slurp_ecommerce,audio/open_source/add detergent to the list of things i need to buy 2.wav,add detergent to the list of things i need to buy,Add a turgent to the list of things I need to buy.,37.5
parakeet,90,slurp_ecommerce,audio/open_source/add detergent to the list of things i need to buy 3.wav,add detergent to the list of things i need to buy,I had to change it to the list of things I need to buy.,37.5
parakeet,91,slurp_ecommerce,audio/open_source/olly clear the list.wav,olly clear the list,Ollie cleared the list.,31.2
parakeet,92,slurp_ecommerce,audio/open_source/olly does shibaru sushi deliver.wav,olly does shibaru sushi deliver,Only does Shibarishoshi deliver.,37.7
parakeet,93,slurp_ecommerce,audio/open_source/olly does shibaru sushi deliver 2.wav,olly does shibaru sushi deliver,"Ollie, does Shibaru Sushi deliver?",37.9
parakeet,94,slurp_ecommerce,audio/open_source/olly does shibaru sushi deliver 3.wav,olly does shibaru sushi deliver,Only does Shibaru Sushi deliver,37.2
parakeet,95,slurp_ecommerce,audio/open_source/olly does shibaru sushi deliver 4.wav,olly does shibaru sushi deliver,"Bolly, does Shibiru Sushi deliver?",38.1
parakeet,96,slurp_ecommerce,audio/open_source/olly does shibaru sushi deliver 5.wav,olly does shibaru sushi deliver,On eat a shibaroo sushi deliver.,43.1
parakeet,97,slurp_ecommerce,audio/open_source/add this to the list.wav,add this to the list,Add this to the list.,35.7
parakeet,98,slurp_ecommerce,audio/open_source/is the last order is ready.wav,is the last order is ready,Is the last order is ready?,35.1
parakeet,99,slurp_ecommerce,audio/open_source/is the last order is ready 2.wav,is the last order is ready,Is the last order is ready?,37.0
parakeet,100,recorded_clean_news,audio/recorded/clean/Any recent news about NASA?.wav,Any recent news about NASA?,Any recent news about Nassau?,40.2
parakeet,101,recorded_clean_ecommerce,audio/recorded/clean/Find me some shoes similar to Elon Musk.wav,Find me some shoes similar to Elon Musk,Find me some shoes similar to Elon Musk,39.9
parakeet,102,recorded_clean_ecommerce,audio/recorded/clean/Get me some Nike shoes from Amazon.wav,Get me some Nike shoes from Amazon,Get me some Nike shoes from Amazon.,40.0
parakeet,103,recorded_clean_news,audio/recorded/clean/Give me news about Trump at UN.wav,Give me news about Trump at UN,Give me news about Trump at UN,38.2
parakeet,104,recorded_clean_ecommerce,audio/recorded/clean/Looking for some good office chair.wav,Looking for some good office chair,Looking for some good office chair.,36.6
parakeet,105,recorded_clean_news,audio/recorded/clean/Show me some news about Trump.wav,Show me some news about Trump,Show me some news about Trump,36.0
parakeet,106,recorded_clean_ecommerce,audio/recorded/clean/Show me some t-shirts from Amazon.com.wav,Show me some t-shirts from Amazon.com,Show me some t-shirts from amazon dot com,44.0
parakeet,107,recorded_clean_ecommerce,audio/recorded/clean/Show me some wireless headphones from eBay.wav,Show me some wireless headphones from eBay,Show me some wireless headphones from eBay.,37.9
parakeet,108,recorded_clean_news,audio/recorded/clean/Tell me some latest news about Barack Obama.wav,Tell me some latest news about Barack Obama,Tell me some latest news about Barack Obama,37.3
parakeet,109,recorded_clean_news,audio/recorded/clean/Trump news.wav,Trump news,Trump News.,29.7
parakeet,110,recorded_clean_news,audio/recorded/clean/Well tell me some news about Tom Cruise.wav,Well tell me some news about Tom Cruise,"Well, tell me some news about Tom Cruise.",36.6
parakeet,111,recorded_clean_news,audio/recorded/clean/What's happening at Washington DC these days?.wav,What's happening at Washington DC these days?,What's happening at Washington DC these days?,37.3
parakeet,112,recorded_clean_news,audio/recorded/clean/What's the news about Apple's new iPhone?.wav,What's the news about Apple's new iPhone?,What's the news about Apple 's new iPhone?,37.2
parakeet,113,recorded_clean_news,audio/recorded/clean/What's up with Trump these days?.wav,What's up with Trump these days?,What's up with Trump these days?,33.6
parakeet,114,recorded_clean_ecommerce,audio/recorded/clean/show me some adidas running shoes.wav,show me some adidas running shoes,Show me some Edida's running shoes.,49.8
parakeet,115,recorded_noisy_news,audio/recorded/noisy/Any recent news about NASA?_Claps & Cheers_-5.wav,Any recent news about NASA?,Any recent news about Nassau?,35.7
parakeet,116,recorded_noisy_news,audio/recorded/noisy/Any recent news about NASA?_Claps & Cheers_0.wav,Any recent news about NASA?,Any recent news about Nassau?,35.6
parakeet,117,recorded_noisy_news,audio/recorded/noisy/Any recent news about NASA?_Claps & Cheers_10.wav,Any recent news about NASA?,Any recent news about Nassau?,31.9
parakeet,118,recorded_noisy_news,audio/recorded/noisy/Any recent news about NASA?_Claps & Cheers_5.wav,Any recent news about NASA?,Any recent news about Nassau?,31.1
parakeet,119,recorded_noisy_news,audio/recorded/noisy/Any recent news about NASA?_Retail Ambient Noise_-5.wav,Any recent news about NASA?,Many decent notes about our south.,42.2
parakeet,120,recorded_noisy_news,audio/recorded/noisy/Any recent news about NASA?_Retail Ambient Noise_0.wav,Any recent news about NASA?,Uh any decent news about NASA?,36.1
parakeet,121,recorded_noisy_news,audio/recorded/noisy/Any recent news about NASA?_Retail Ambient Noise_10.wav,Any recent news about NASA?,Any recent news about Nassau?,35.6
parakeet,122,recorded_noisy_news,audio/recorded/noisy/Any recent news about NASA?_Retail Ambient Noise_5.wav,Any recent news about NASA?,Any recent news about NASA?,36.8
parakeet,123,recorded_noisy_news,audio/recorded/noisy/Any recent news about NASA?_Traffic & Wind_-5.wav,Any recent news about NASA?,Any recent news about NASA?,34.2
parakeet,124,recorded_noisy_news,audio/recorded/noisy/Any recent news about NASA?_Traffic & Wind_0.wav,Any recent news about NASA?,Any recent news about Nassau?,33.5
parakeet,125,recorded_noisy_news,audio/recorded/noisy/Any recent news about NASA?_Traffic & Wind_10.wav,Any recent news about NASA?,Any recent news about Nassau?,34.3
parakeet,126,recorded_noisy_news,audio/recorded/noisy/Any recent news about NASA?_Traffic & Wind_5.wav,Any recent news about NASA?,Any recent news about Nassau?,32.9
parakeet,127,recorded_noisy_ecommerce,audio/recorded/noisy/Find me some shoes similar to Elon Musk_Claps & Cheers_-5.wav,Find me some shoes similar to Elon Musk,Cranemy summits similar to lawyers.,43.0
parakeet,128,recorded_noisy_ecommerce,audio/recorded/noisy/Find me some shoes similar to Elon Musk_Claps & Cheers_0.wav,Find me some shoes similar to Elon Musk,Kind of makes some shoes similar to real animals.,42.4
parakeet,129,recorded_noisy_ecommerce,audio/recorded/noisy/Find me some shoes similar to Elon Musk_Claps & Cheers_10.wav,Find me some shoes similar to Elon Musk,Find me some shoes similar to Elon Musk,40.1
parakeet,130,recorded_noisy_ecommerce,audio/recorded/noisy/Find me some shoes similar to Elon Musk_Claps & Cheers_5.wav,Find me some shoes similar to Elon Musk,Find me some shoes similar to Elon Musk.,42.0
parakeet,131,recorded_noisy_ecommerce,audio/recorded/noisy/Find me some shoes similar to Elon Musk_Retail Ambient Noise_-5.wav,Find me some shoes similar to Elon Musk,,40.3
parakeet,132,recorded_noisy_ecommerce,audio/recorded/noisy/Find me some shoes similar to Elon Musk_Retail Ambient Noise_0.wav,Find me some shoes similar to Elon Musk,Finally some shoes similar to Elon Musk.,42.7
parakeet,133,recorded_noisy_ecommerce,audio/recorded/noisy/Find me some shoes similar to Elon Musk_Retail Ambient Noise_10.wav,Find me some shoes similar to Elon Musk,Behind me some shoes similar to Elon Musk.,40.6
parakeet,134,recorded_noisy_ecommerce,audio/recorded/noisy/Find me some shoes similar to Elon Musk_Retail Ambient Noise_5.wav,Find me some shoes similar to Elon Musk,Behind me some shoes similar to Elon Musk.,52.8
parakeet,135,recorded_noisy_ecommerce,audio/recorded/noisy/Find me some shoes similar to Elon Musk_Traffic & Wind_-5.wav,Find me some shoes similar to Elon Musk,Find me some shoes similar to Elon Musk.,40.9
parakeet,136,recorded_noisy_ecommerce,audio/recorded/noisy/Find me some shoes similar to Elon Musk_Traffic & Wind_0.wav,Find me some shoes similar to Elon Musk,Find me some shoes similar to Elon Musk.,43.0
parakeet,137,recorded_noisy_ecommerce,audio/recorded/noisy/Find me some shoes similar to Elon Musk_Traffic & Wind_10.wav,Find me some shoes similar to Elon Musk,Find me some shoes similar to Elon Musk.,40.4
parakeet,138,recorded_noisy_ecommerce,audio/recorded/noisy/Find me some shoes similar to Elon Musk_Traffic & Wind_5.wav,Find me some shoes similar to Elon Musk,Find me some shoes similar to Elon Musk.,38.2
parakeet,139,recorded_noisy_ecommerce,audio/recorded/noisy/Get me some Nike shoes from Amazon_Claps & Cheers_-5.wav,Get me some Nike shoes from Amazon,Get me some Nightish Shows from Amazon,36.2
parakeet,140,recorded_noisy_ecommerce,audio/recorded/noisy/Get me some Nike shoes from Amazon_Claps & Cheers_0.wav,Get me some Nike shoes from Amazon,Get me some Nike shoes from Amazon,35.2
parakeet,141,recorded_noisy_ecommerce,audio/recorded/noisy/Get me some Nike shoes from Amazon_Claps & Cheers_10.wav,Get me some Nike shoes from Amazon,Get me some Nike shoes from Amazon.,36.6
parakeet,142,recorded_noisy_ecommerce,audio/recorded/noisy/Get me some Nike shoes from Amazon_Claps & Cheers_5.wav,Get me some Nike shoes from Amazon,Get me some Nike shoes from Amazon,35.9
parakeet,143,recorded_noisy_ecommerce,audio/recorded/noisy/Get me some Nike shoes from Amazon_Retail Ambient Noise_-5.wav,Get me some Nike shoes from Amazon,Uh get me some like reviews from MSO.,40.6
parakeet,144,recorded_noisy_ecommerce,audio/recorded/noisy/Get me some Nike shoes from Amazon_Retail Ambient Noise_0.wav,Get me some Nike shoes from Amazon,Uh get me some light issues from Amazon.,38.3
parakeet,145,recorded_noisy_ecommerce,audio/recorded/noisy/Get me some Nike shoes from Amazon_Retail Ambient Noise_10.wav,Get me some Nike shoes from Amazon,Get me some like issues from Amazon.,36.3
parakeet,146,recorded_noisy_ecommerce,audio/recorded/noisy/Get me some Nike shoes from Amazon_Retail Ambient Noise_5.wav,Get me some Nike shoes from Amazon,Get me some like issues from Amazon.,36.5
parakeet,147,recorded_noisy_ecommerce,audio/recorded/noisy/Get me some Nike shoes from Amazon_Traffic & Wind_-5.wav,Get me some Nike shoes from Amazon,Get me some like issues from MSON.,38.0
parakeet,148,recorded_noisy_ecommerce,audio/recorded/noisy/Get me some Nike shoes from Amazon_Traffic & Wind_0.wav,Get me some Nike shoes from Amazon,Get me some like issues from Amazon.,36.4
parakeet,149,recorded_noisy_ecommerce,audio/recorded/noisy/Get me some Nike shoes from Amazon_Traffic & Wind_10.wav,Get me some Nike shoes from Amazon,Get me some like issues from Amazon.,41.8
parakeet,150,recorded_noisy_ecommerce,audio/recorded/noisy/Get me some Nike shoes from Amazon_Traffic & Wind_5.wav,Get me some Nike shoes from Amazon,Get me some like issues from Amazon.,40.1
parakeet,151,recorded_noisy_news,audio/recorded/noisy/Give me news about Trump at UN_Claps & Cheers_-5.wav,Give me news about Trump at UN,Give me news about Trump at UN,37.8
parakeet,152,recorded_noisy_news,audio/recorded/noisy/Give me news about Trump at UN_Claps & Cheers_0.wav,Give me news about Trump at UN,Give me news about Trump at UN,34.9
parakeet,153,recorded_noisy_news,audio/recorded/noisy/Give me news about Trump at UN_Claps & Cheers_10.wav,Give me news about Trump at UN,Give me news about Trump at UN,35.5
parakeet,154,recorded_noisy_news,audio/recorded/noisy/Give me news about Trump at UN_Claps & Cheers_5.wav,Give me news about Trump at UN,Give me news about Trump at UN,36.0
parakeet,155,recorded_noisy_news,audio/recorded/noisy/Give me news about Trump at UN_Retail Ambient Noise_-5.wav,Give me news about Trump at UN,"If we use a lot of rough way, do you mind?",48.3
parakeet,156,recorded_noisy_news,audio/recorded/noisy/Give me news about Trump at UN_Retail Ambient Noise_0.wav,Give me news about Trump at UN,Give me news about the drumpadium.,44.7
parakeet,157,recorded_noisy_news,audio/recorded/noisy/Give me news about Trump at UN_Retail Ambient Noise_10.wav,Give me news about Trump at UN,Give me news about Trump at UN,39.8
parakeet,158,recorded_noisy_news,audio/recorded/noisy/Give me news about Trump at UN_Retail Ambient Noise_5.wav,Give me news about Trump at UN,Give me news about Trump at UN.,40.1
parakeet,159,recorded_noisy_news,audio/recorded/noisy/Give me news about Trump at UN_Traffic & Wind_-5.wav,Give me news about Trump at UN,Give me news about the Trump at UN.,40.1
parakeet,160,recorded_noisy_news,audio/recorded/noisy/Give me news about Trump at UN_Traffic & Wind_0.wav,Give me news about Trump at UN,Give me news about Trump at UN,41.9
parakeet,161,recorded_noisy_news,audio/recorded/noisy/Give me news about Trump at UN_Traffic & Wind_10.wav,Give me news about Trump at UN,Give me news about Trump at UN,39.6
parakeet,162,recorded_noisy_news,audio/recorded/noisy/Give me news about Trump at UN_Traffic & Wind_5.wav,Give me news about Trump at UN,Give me news about Trump at UN,38.8
parakeet,163,recorded_noisy_ecommerce,audio/recorded/noisy/Looking for some good office chair_Claps & Cheers_-5.wav,Looking for some good office chair,Looking for some good office here.,34.2
parakeet,164,recorded_noisy_ecommerce,audio/recorded/noisy/Looking for some good office chair_Claps & Cheers_0.wav,Looking for some good office chair,Looking for some good office here.,35.1
parakeet,165,recorded_noisy_ecommerce,audio/recorded/noisy/Looking for some good office chair_Claps & Cheers_10.wav,Looking for some good office chair,Looking for some good office chair.,36.2
parakeet,166,recorded_noisy_ecommerce,audio/recorded/noisy/Looking for some good office chair_Claps & Cheers_5.wav,Looking for some good office chair,Looking for some good office chair.,35.4
parakeet,167,recorded_noisy_ecommerce,audio/recorded/noisy/Looking for some good office chair_Retail Ambient Noise_-5.wav,Looking for some good office chair,I'm looking for some good options here.,39.2
parakeet,168,recorded_noisy_ecommerce,audio/recorded/noisy/Looking for some good office chair_Retail Ambient Noise_0.wav,Looking for some good office chair,Looking for some good office here.,33.5
parakeet,169,recorded_noisy_ecommerce,audio/recorded/noisy/Looking for some good office chair_Retail Ambient Noise_10.wav,Looking for some good office chair,Looking for some good office here?,31.4
parakeet,170,recorded_noisy_ecommerce,audio/recorded/noisy/Looking for some good office chair_Retail Ambient Noise_5.wav,Looking for some good office chair,Looking for some good office here.,31.3
parakeet,171,recorded_noisy_ecommerce,audio/recorded/noisy/Looking for some good office chair_Traffic & Wind_-5.wav,Looking for some good office chair,Looking for some good office here.,32.2
parakeet,172,recorded_noisy_ecommerce,audio/recorded/noisy/Looking for some good office chair_Traffic & Wind_0.wav,Looking for some good office chair,Looking for some good office here?,32.5
parakeet,173,recorded_noisy_ecommerce,audio/recorded/noisy/Looking for some good office chair_Traffic & Wind_10.wav,Looking for some good office chair,Looking for some good office chair.,30.2
parakeet,174,recorded_noisy_ecommerce,audio/recorded/noisy/Looking for some good office chair_Traffic & Wind_5.wav,Looking for some good office chair,Looking for some good office chair?,31.6
parakeet,175,recorded_noisy_news,audio/recorded/noisy/Show me some news about Trump_Claps & Cheers_-5.wav,Show me some news about Trump,Joe Miss and News about Frank.,36.0
parakeet,176,recorded_noisy_news,audio/recorded/noisy/Show me some news about Trump_Claps & Cheers_0.wav,Show me some news about Trump,show me some news about Trump,31.1
parakeet,177,recorded_noisy_news,audio/recorded/noisy/Show me some news about Trump_Claps & Cheers_10.wav,Show me some news about Trump,Show me some news about Trump.,31.8
parakeet,178,recorded_noisy_news,audio/recorded/noisy/Show me some news about Trump_Claps & Cheers_5.wav,Show me some news about Trump,Show me some news about Trump.,30.6
parakeet,179,recorded_noisy_news,audio/recorded/noisy/Show me some news about Trump_Retail Ambient Noise_-5.wav,Show me some news about Trump,,31.7
parakeet,180,recorded_noisy_news,audio/recorded/noisy/Show me some news about Trump_Retail Ambient Noise_0.wav,Show me some news about Trump,Uh show me some news about the drum.,35.1
parakeet,181,recorded_noisy_news,audio/recorded/noisy/Show me some news about Trump_Retail Ambient Noise_10.wav,Show me some news about Trump,Show me some news about Trump.,30.9
parakeet,182,recorded_noisy_news,audio/recorded/noisy/Show me some news about Trump_Retail Ambient Noise_5.wav,Show me some news about Trump,Show me some news about Trump.,36.3
parakeet,183,recorded_noisy_news,audio/recorded/noisy/Show me some news about Trump_Traffic & Wind_-5.wav,Show me some news about Trump,Show me some news about Trump.,35.5
parakeet,184,recorded_noisy_news,audio/recorded/noisy/Show me some news about Trump_Traffic & Wind_0.wav,Show me some news about Trump,Show me some news about Trump.,35.1
parakeet,185,recorded_noisy_news,audio/recorded/noisy/Show me some news about Trump_Traffic & Wind_10.wav,Show me some news about Trump,Show me some news about Trump.,31.1
parakeet,186,recorded_noisy_news,audio/recorded/noisy/Show me some news about Trump_Traffic & Wind_5.wav,Show me some news about Trump,Show me some news about Trump.,33.3
parakeet,187,recorded_noisy_ecommerce,audio/recorded/noisy/Show me some t-shirts from Amazon.com_Claps & Cheers_-5.wav,Show me some t-shirts from Amazon.com,Show me some t-shirts from Amazon.com,44.5
parakeet,188,recorded_noisy_ecommerce,audio/recorded/noisy/Show me some t-shirts from Amazon.com_Claps & Cheers_0.wav,Show me some t-shirts from Amazon.com,Show me some t-shirts from amazon dot com,41.7
parakeet,189,recorded_noisy_ecommerce,audio/recorded/noisy/Show me some t-shirts from Amazon.com_Claps & Cheers_10.wav,Show me some t-shirts from Amazon.com,Show me some tshirts from amazon dot com,43.4
parakeet,190,recorded_noisy_ecommerce,audio/recorded/noisy/Show me some t-shirts from Amazon.com_Claps & Cheers_5.wav,Show me some t-shirts from Amazon.com,Show me some tshirts from amazon dot com,45.2
parakeet,191,recorded_noisy_ecommerce,audio/recorded/noisy/Show me some t-shirts from Amazon.com_Retail Ambient Noise_-5.wav,Show me some t-shirts from Amazon.com,Sure means that the t-shirts are not worth it.,49.5
parakeet,192,recorded_noisy_ecommerce,audio/recorded/noisy/Show me some t-shirts from Amazon.com_Retail Ambient Noise_0.wav,Show me some t-shirts from Amazon.com,Show me some t-shirts from Amazon.com.,42.6
parakeet,193,recorded_noisy_ecommerce,audio/recorded/noisy/Show me some t-shirts from Amazon.com_Retail Ambient Noise_10.wav,Show me some t-shirts from Amazon.com,Show me some t-shirts from Amazon.com,41.9
parakeet,194,recorded_noisy_ecommerce,audio/recorded/noisy/Show me some t-shirts from Amazon.com_Retail Ambient Noise_5.wav,Show me some t-shirts from Amazon.com,Show me some t-shirts from Amazon.com,42.6
parakeet,195,recorded_noisy_ecommerce,audio/recorded/noisy/Show me some t-shirts from Amazon.com_Traffic & Wind_-5.wav,Show me some t-shirts from Amazon.com,Show me some t-shirts from Amazon.com,43.6
parakeet,196,recorded_noisy_ecommerce,audio/recorded/noisy/Show me some t-shirts from Amazon.com_Traffic & Wind_0.wav,Show me some t-shirts from Amazon.com,Show me some t-shirts from Amazon.com,41.7
parakeet,197,recorded_noisy_ecommerce,audio/recorded/noisy/Show me some t-shirts from Amazon.com_Traffic & Wind_10.wav,Show me some t-shirts from Amazon.com,Show me some t-shirts from amazon dot com,41.3
parakeet,198,recorded_noisy_ecommerce,audio/recorded/noisy/Show me some t-shirts from Amazon.com_Traffic & Wind_5.wav,Show me some t-shirts from Amazon.com,Show me some t-shirts from amazon.com,41.3
parakeet,199,recorded_noisy_ecommerce,audio/recorded/noisy/Show me some wireless headphones from eBay_Claps & Cheers_-5.wav,Show me some wireless headphones from eBay,Show me some wireless response from Edo.,41.4
parakeet,200,recorded_noisy_ecommerce,audio/recorded/noisy/Show me some wireless headphones from eBay_Claps & Cheers_0.wav,Show me some wireless headphones from eBay,Show me some wireless headphones from eBay.,45.6
parakeet,201,recorded_noisy_ecommerce,audio/recorded/noisy/Show me some wireless headphones from eBay_Claps & Cheers_10.wav,Show me some wireless headphones from eBay,Show me some wireless headphones from eBay.,37.9
parakeet,202,recorded_noisy_ecommerce,audio/recorded/noisy/Show me some wireless headphones from eBay_Claps & Cheers_5.wav,Show me some wireless headphones from eBay,Show me some wireless headphones from eBay.,38.3
parakeet,203,recorded_noisy_ecommerce,audio/recorded/noisy/Show me some wireless headphones from eBay_Retail Ambient Noise_-5.wav,Show me some wireless headphones from eBay,Show me some words and support TV.,42.9
parakeet,204,recorded_noisy_ecommerce,audio/recorded/noisy/Show me some wireless headphones from eBay_Retail Ambient Noise_0.wav,Show me some wireless headphones from eBay,Show me some bird listeners for keeping.,42.3
parakeet,205,recorded_noisy_ecommerce,audio/recorded/noisy/Show me some wireless headphones from eBay_Retail Ambient Noise_10.wav,Show me some wireless headphones from eBay,Show me some wireless headphones from eBay.,38.0
parakeet,206,recorded_noisy_ecommerce,audio/recorded/noisy/Show me some wireless headphones from eBay_Retail Ambient Noise_5.wav,Show me some wireless headphones from eBay,Show me some wordless headphones from eBay.,47.8
parakeet,207,recorded_noisy_ecommerce,audio/recorded/noisy/Show me some wireless headphones from eBay_Traffic & Wind_-5.wav,Show me some wireless headphones from eBay,Show me some wordless and fools from eBay.,45.7
parakeet,208,recorded_noisy_ecommerce,audio/recorded/noisy/Show me some wireless headphones from eBay_Traffic & Wind_0.wav,Show me some wireless headphones from eBay,Show me some wireless headphones from eBay.,41.1
parakeet,209,recorded_noisy_ecommerce,audio/recorded/noisy/Show me some wireless headphones from eBay_Traffic & Wind_10.wav,Show me some wireless headphones from eBay,Show me some wireless headphones from eBay.,36.6
parakeet,210,recorded_noisy_ecommerce,audio/recorded/noisy/Show me some wireless headphones from eBay_Traffic & Wind_5.wav,Show me some wireless headphones from eBay,Show me some wireless headphones from eBay.,36.0
parakeet,211,recorded_noisy_news,audio/recorded/noisy/Tell me some latest news about Barack Obama_Claps & Cheers_-5.wav,Tell me some latest news about Barack Obama,Tell me some latest news about Barack Obama,35.3
parakeet,212,recorded_noisy_news,audio/recorded/noisy/Tell me some latest news about Barack Obama_Claps & Cheers_0.wav,Tell me some latest news about Barack Obama,Tell me some latest news about Barack Obama.,35.1
parakeet,213,recorded_noisy_news,audio/recorded/noisy/Tell me some latest news about Barack Obama_Claps & Cheers_10.wav,Tell me some latest news about Barack Obama,Tell me some latest news about Barack Obama.,39.0
parakeet,214,recorded_noisy_news,audio/recorded/noisy/Tell me some latest news about Barack Obama_Claps & Cheers_5.wav,Tell me some latest news about Barack Obama,Tell me some latest news about Barack Obama.,39.0
parakeet,215,recorded_noisy_news,audio/recorded/noisy/Tell me some latest news about Barack Obama_Retail Ambient Noise_-5.wav,Tell me some latest news about Barack Obama,,37.7
parakeet,216,recorded_noisy_news,audio/recorded/noisy/Tell me some latest news about Barack Obama_Retail Ambient Noise_0.wav,Tell me some latest news about Barack Obama,Uh tell me some latest news about Barack Obama.,45.1
parakeet,217,recorded_noisy_news,audio/recorded/noisy/Tell me some latest news about Barack Obama_Retail Ambient Noise_10.wav,Tell me some latest news about Barack Obama,Tell me some latest news about Barack Obama.,40.0
parakeet,218,recorded_noisy_news,audio/recorded/noisy/Tell me some latest news about Barack Obama_Retail Ambient Noise_5.wav,Tell me some latest news about Barack Obama,Tell me some latest news about Barack Obama.,38.1
parakeet,219,recorded_noisy_news,audio/recorded/noisy/Tell me some latest news about Barack Obama_Traffic & Wind_-5.wav,Tell me some latest news about Barack Obama,Tell me some latest news about Barack Obama.,40.1
parakeet,220,recorded_noisy_news,audio/recorded/noisy/Tell me some latest news about Barack Obama_Traffic & Wind_0.wav,Tell me some latest news about Barack Obama,Tell me some latest news about Barack Obama.,36.9
parakeet,221,recorded_noisy_news,audio/recorded/noisy/Tell me some latest news about Barack Obama_Traffic & Wind_10.wav,Tell me some latest news about Barack Obama,Tell me some latest news about Barack Obama.,39.2
parakeet,222,recorded_noisy_news,audio/recorded/noisy/Tell me some latest news about Barack Obama_Traffic & Wind_5.wav,Tell me some latest news about Barack Obama,Tell me some latest news about Barack Obama.,38.2
parakeet,223,recorded_noisy_news,audio/recorded/noisy/Trump news_Claps & Cheers_-5.wav,Trump news,Drum the news.,30.4
parakeet,224,recorded_noisy_news,audio/recorded/noisy/Trump news_Claps & Cheers_0.wav,Trump news,Drum the news.,30.7
parakeet,225,recorded_noisy_news,audio/recorded/noisy/Trump news_Claps & Cheers_10.wav,Trump news,Trump News.,27.4
parakeet,226,recorded_noisy_news,audio/recorded/noisy/Trump news_Claps & Cheers_5.wav,Trump news,Drump News.,28.5
parakeet,227,recorded_noisy_news,audio/recorded/noisy/Trump news_Retail Ambient Noise_-5.wav,Trump news,Drum the needles.,35.3
parakeet,228,recorded_noisy_news,audio/recorded/noisy/Trump news_Retail Ambient Noise_0.wav,Trump news,Drum the news.,34.6
parakeet,229,recorded_noisy_news,audio/recorded/noisy/Trump news_Retail Ambient Noise_10.wav,Trump news,Trump News,29.6
parakeet,230,recorded_noisy_news,audio/recorded/noisy/Trump news_Retail Ambient Noise_5.wav,Trump news,Trump the news,36.3
parakeet,231,recorded_noisy_news,audio/recorded/noisy/Trump news_Traffic & Wind_-5.wav,Trump news,Trump News,35.0
parakeet,232,recorded_noisy_news,audio/recorded/noisy/Trump news_Traffic & Wind_0.wav,Trump news,Trump News,31.1
parakeet,233,recorded_noisy_news,audio/recorded/noisy/Trump news_Traffic & Wind_10.wav,Trump news,Trump News,29.5
parakeet,234,recorded_noisy_news,audio/recorded/noisy/Trump news_Traffic & Wind_5.wav,Trump news,Trump News,35.7
parakeet,235,recorded_noisy_news,audio/recorded/noisy/Well tell me some news about Tom Cruise_Claps & Cheers_-5.wav,Well tell me some news about Tom Cruise,Will tell me some news about Tompko's?,40.8
parakeet,236,recorded_noisy_news,audio/recorded/noisy/Well tell me some news about Tom Cruise_Claps & Cheers_0.wav,Well tell me some news about Tom Cruise,Will tell me some news about Tom Coose.,42.2
parakeet,237,recorded_noisy_news,audio/recorded/noisy/Well tell me some news about Tom Cruise_Claps & Cheers_10.wav,Well tell me some news about Tom Cruise,Will tell me some news about Tom Cruise.,38.8
parakeet,238,recorded_noisy_news,audio/recorded/noisy/Well tell me some news about Tom Cruise_Claps & Cheers_5.wav,Well tell me some news about Tom Cruise,Will tell me some news about Tom Cruise?,39.8
parakeet,239,recorded_noisy_news,audio/recorded/noisy/Well tell me some news about Tom Cruise_Retail Ambient Noise_-5.wav,Well tell me some news about Tom Cruise,When it takes a long time.,50.3
parakeet,240,recorded_noisy_news,audio/recorded/noisy/Well tell me some news about Tom Cruise_Retail Ambient Noise_0.wav,Well tell me some news about Tom Cruise,Uh when it tells me some news about Drum Cools.,53.4
parakeet,241,recorded_noisy_news,audio/recorded/noisy/Well tell me some news about Tom Cruise_Retail Ambient Noise_10.wav,Well tell me some news about Tom Cruise,"Well, tell me some news about Tom Cruise.",40.1
parakeet,242,recorded_noisy_news,audio/recorded/noisy/Well tell me some news about Tom Cruise_Retail Ambient Noise_5.wav,Well tell me some news about Tom Cruise,Will it tell me some news about Tompros?,45.3
parakeet,243,recorded_noisy_news,audio/recorded/noisy/Well tell me some news about Tom Cruise_Traffic & Wind_-5.wav,Well tell me some news about Tom Cruise,"Well, tell me some news about Tom Poles.",38.5
parakeet,244,recorded_noisy_news,audio/recorded/noisy/Well tell me some news about Tom Cruise_Traffic & Wind_0.wav,Well tell me some news about Tom Cruise,"Well, tell me some news about Tom Crows.",37.5
parakeet,245,recorded_noisy_news,audio/recorded/noisy/Well tell me some news about Tom Cruise_Traffic & Wind_10.wav,Well tell me some news about Tom Cruise,"Well, tell me some news about Tom Cruise.",36.8
parakeet,246,recorded_noisy_news,audio/recorded/noisy/Well tell me some news about Tom Cruise_Traffic & Wind_5.wav,Well tell me some news about Tom Cruise,"Well, tell me some news about Tom Cruise.",39.4
parakeet,247,recorded_noisy_news,audio/recorded/noisy/What's happening at Washington DC these days?_Claps & Cheers_-5.wav,What's happening at Washington DC these days?,What's happening at Washington DC these days?,44.2
parakeet,248,recorded_noisy_news,audio/recorded/noisy/What's happening at Washington DC these days?_Claps & Cheers_0.wav,What's happening at Washington DC these days?,What's happening at Washington DC these days?,41.3
parakeet,249,recorded_noisy_news,audio/recorded/noisy/What's happening at Washington DC these days?_Claps & Cheers_10.wav,What's happening at Washington DC these days?,What's happening at Washington DC these days?,42.5
parakeet,250,recorded_noisy_news,audio/recorded/noisy/What's happening at Washington DC these days?_Claps & Cheers_5.wav,What's happening at Washington DC these days?,What's happening at Washington DC these days?,43.5
parakeet,251,recorded_noisy_news,audio/recorded/noisy/What's happening at Washington DC these days?_Retail Ambient Noise_-5.wav,What's happening at Washington DC these days?,What's happening here in Washington DC in these days?,48.3
parakeet,252,recorded_noisy_news,audio/recorded/noisy/What's happening at Washington DC these days?_Retail Ambient Noise_0.wav,What's happening at Washington DC these days?,Uh what's happening at Washington D Cales?,49.9
parakeet,253,recorded_noisy_news,audio/recorded/noisy/What's happening at Washington DC these days?_Retail Ambient Noise_10.wav,What's happening at Washington DC these days?,Uh what's happening at Washington DC these days?,42.8
parakeet,254,recorded_noisy_news,audio/recorded/noisy/What's happening at Washington DC these days?_Retail Ambient Noise_5.wav,What's happening at Washington DC these days?,Uh what's happening at Washington D C Days?,44.9
parakeet,255,recorded_noisy_news,audio/recorded/noisy/What's happening at Washington DC these days?_Traffic & Wind_-5.wav,What's happening at Washington DC these days?,What's happening at Washington DC these days?,42.3
parakeet,256,recorded_noisy_news,audio/recorded/noisy/What's happening at Washington DC these days?_Traffic & Wind_0.wav,What's happening at Washington DC these days?,What's happening at Washington DC these days?,45.4
parakeet,257,recorded_noisy_news,audio/recorded/noisy/What's happening at Washington DC these days?_Traffic & Wind_10.wav,What's happening at Washington DC these days?,What's happening at Washington DC these days?,38.8
parakeet,258,recorded_noisy_news,audio/recorded/noisy/What's happening at Washington DC these days?_Traffic & Wind_5.wav,What's happening at Washington DC these days?,What's happening at Washington DC these days?,39.3
parakeet,259,recorded_noisy_news,audio/recorded/noisy/What's the news about Apple's new iPhone?_Claps & Cheers_-5.wav,What's the news about Apple's new iPhone?,What's the news about the person new iPhone?,40.7
parakeet,260,recorded_noisy_news,audio/recorded/noisy/What's the news about Apple's new iPhone?_Claps & Cheers_0.wav,What's the news about Apple's new iPhone?,What's the news about Apple's new iPhone?,41.0
parakeet,261,recorded_noisy_news,audio/recorded/noisy/What's the news about Apple's new iPhone?_Claps & Cheers_10.wav,What's the news about Apple's new iPhone?,What's the news about Apple's new iPhone?,40.2
parakeet,262,recorded_noisy_news,audio/recorded/noisy/What's the news about Apple's new iPhone?_Claps & Cheers_5.wav,What's the news about Apple's new iPhone?,What's the news about Apple's new iPhone?,40.4
parakeet,263,recorded_noisy_news,audio/recorded/noisy/What's the news about Apple's new iPhone?_Retail Ambient Noise_-5.wav,What's the news about Apple's new iPhone?,Not that user on the UI for,44.8
parakeet,264,recorded_noisy_news,audio/recorded/noisy/What's the news about Apple's new iPhone?_Retail Ambient Noise_0.wav,What's the news about Apple's new iPhone?,Uh what's the news about Apple's UI phone?,47.0
parakeet,265,recorded_noisy_news,audio/recorded/noisy/What's the news about Apple's new iPhone?_Retail Ambient Noise_10.wav,What's the news about Apple's new iPhone?,What's the news about Apple's new iPhone?,40.5
parakeet,266,recorded_noisy_news,audio/recorded/noisy/What's the news about Apple's new iPhone?_Retail Ambient Noise_5.wav,What's the news about Apple's new iPhone?,Uh what's the news about Apple's UI phone?,41.9
parakeet,267,recorded_noisy_news,audio/recorded/noisy/What's the news about Apple's new iPhone?_Traffic & Wind_-5.wav,What's the news about Apple's new iPhone?,What's the news about Apple's new iPhone?,41.6
parakeet,268,recorded_noisy_news,audio/recorded/noisy/What's the news about Apple's new iPhone?_Traffic & Wind_0.wav,What's the news about Apple's new iPhone?,What's the news about Apple's new iPhone?,39.2
parakeet,269,recorded_noisy_news,audio/recorded/noisy/What's the news about Apple's new iPhone?_Traffic & Wind_10.wav,What's the news about Apple's new iPhone?,What's the news about Apple s new iPhone?,41.3
parakeet,270,recorded_noisy_news,audio/recorded/noisy/What's the news about Apple's new iPhone?_Traffic & Wind_5.wav,What's the news about Apple's new iPhone?,What's the news about Apple s new iPhone?,40.1
parakeet,271,recorded_noisy_news,audio/recorded/noisy/What's up with Trump these days?_Claps & Cheers_-5.wav,What's up with Trump these days?,What's up with drums these days?,39.4
parakeet,272,recorded_noisy_news,audio/recorded/noisy/What's up with Trump these days?_Claps & Cheers_0.wav,What's up with Trump these days?,What's up with Trump these days?,39.4
parakeet,273,recorded_noisy_news,audio/recorded/noisy/What's up with Trump these days?_Claps & Cheers_10.wav,What's up with Trump these days?,What's up with Trump these days?,37.7
parakeet,274,recorded_noisy_news,audio/recorded/noisy/What's up with Trump these days?_Claps & Cheers_5.wav,What's up with Trump these days?,What's up with Trump these days?,35.5
parakeet,275,recorded_noisy_news,audio/recorded/noisy/What's up with Trump these days?_Retail Ambient Noise_-5.wav,What's up with Trump these days?,We have more subject in the room these days.,43.2
parakeet,276,recorded_noisy_news,audio/recorded/noisy/What's up with Trump these days?_Retail Ambient Noise_0.wav,What's up with Trump these days?,Uh what's up with drum these days?,46.5
parakeet,277,recorded_noisy_news,audio/recorded/noisy/What's up with Trump these days?_Retail Ambient Noise_10.wav,What's up with Trump these days?,What's up with Trump these days?,35.6
parakeet,278,recorded_noisy_news,audio/recorded/noisy/What's up with Trump these days?_Retail Ambient Noise_5.wav,What's up with Trump these days?,Uh what's up with drum these days?,38.8
parakeet,279,recorded_noisy_news,audio/recorded/noisy/What's up with Trump these days?_Traffic & Wind_-5.wav,What's up with Trump these days?,What's up with Trump these days?,37.4
parakeet,280,recorded_noisy_news,audio/recorded/noisy/What's up with Trump these days?_Traffic & Wind_0.wav,What's up with Trump these days?,What's up with Trump these days?,35.1
parakeet,281,recorded_noisy_news,audio/recorded/noisy/What's up with Trump these days?_Traffic & Wind_10.wav,What's up with Trump these days?,What's up with Trump these days?,38.3
parakeet,282,recorded_noisy_news,audio/recorded/noisy/What's up with Trump these days?_Traffic & Wind_5.wav,What's up with Trump these days?,What's up with Trump these days?,36.2
parakeet,283,recorded_noisy_ecommerce,audio/recorded/noisy/show me some adidas running shoes_Claps & Cheers_-5.wav,show me some adidas running shoes,Show me some creditors to learning shows.,43.9
parakeet,284,recorded_noisy_ecommerce,audio/recorded/noisy/show me some adidas running shoes_Claps & Cheers_0.wav,show me some adidas running shoes,Show me some creditors running shoes.,42.3
parakeet,285,recorded_noisy_ecommerce,audio/recorded/noisy/show me some adidas running shoes_Claps & Cheers_10.wav,show me some adidas running shoes,Show me some Edidas running shoes,42.0
parakeet,286,recorded_noisy_ecommerce,audio/recorded/noisy/show me some adidas running shoes_Claps & Cheers_5.wav,show me some adidas running shoes,Show me some Edidas running shoes.,57.8
parakeet,287,recorded_noisy_ecommerce,audio/recorded/noisy/show me some adidas running shoes_Retail Ambient Noise_-5.wav,show me some adidas running shoes,Show me some pretty dance and adding shoes.,73.6
parakeet,288,recorded_noisy_ecommerce,audio/recorded/noisy/show me some adidas running shoes_Retail Ambient Noise_0.wav,show me some adidas running shoes,Show me some pretty dark running shoes.,45.6
parakeet,289,recorded_noisy_ecommerce,audio/recorded/noisy/show me some adidas running shoes_Retail Ambient Noise_10.wav,show me some adidas running shoes,Show me some Edidas running shoes.,44.6
parakeet,290,recorded_noisy_ecommerce,audio/recorded/noisy/show me some adidas running shoes_Retail Ambient Noise_5.wav,show me some adidas running shoes,Show me some pedidas running shoes.,42.9
parakeet,291,recorded_noisy_ecommerce,audio/recorded/noisy/show me some adidas running shoes_Traffic & Wind_-5.wav,show me some adidas running shoes,Show me some Edidas running shoes.,42.1
parakeet,292,recorded_noisy_ecommerce,audio/recorded/noisy/show me some adidas running shoes_Traffic & Wind_0.wav,show me some adidas running shoes,Show me some Edidas running shoes.,41.3
parakeet,293,recorded_noisy_ecommerce,audio/recorded/noisy/show me some adidas running shoes_Traffic & Wind_10.wav,show me some adidas running shoes,Show me some Edidas running shoes.,43.5
parakeet,294,recorded_noisy_ecommerce,audio/recorded/noisy/show me some adidas running shoes_Traffic & Wind_5.wav,show me some adidas running shoes,Show me some Edidas running shoes,43.2
deepgram,0,slurp_news,audio/open_source/what is the exchange rate of us dollar to pound sterling.wav,what is the exchange rate of us dollar to pound sterling,what is the exchange rate of us dollar to pound sterling,2152.8
deepgram,1,slurp_news,audio/open_source/what is the exchange rate of us dollar to pound sterling 2.wav,what is the exchange rate of us dollar to pound sterling,what is the exchange rate of us dollar to pound sterling,2009.8
deepgram,2,slurp_news,audio/open_source/find me info on cars.wav,find me info on cars,find me info on calves,2544.2
deepgram,3,slurp_news,audio/open_source/find me info on cars 2.wav,find me info on cars,i'm in informed curves,2429.8
deepgram,4,slurp_news,audio/open_source/find me info on cars 3.wav,find me info on cars,find me info on cars,1765.6
deepgram,5,slurp_news,audio/open_source/find me info on cars 4.wav,find me info on cars,find me even for one cause,1847.0
deepgram,6,slurp_news,audio/open_source/get me the popular news from bbc.wav,get me the popular news from bbc,get me the popular news from bbc,1846.0
deepgram,7,slurp_news,audio/open_source/get me the popular news from bbc 2.wav,get me the popular news from bbc,get me the popular news from bbc,1774.9
deepgram,8,slurp_news,audio/open_source/set notification from world news.wav,set notification from world news,set notification from world news,1802.5
deepgram,9,slurp_news,audio/open_source/set notification from world news 2.wav,set notification from world news,stats notification from world news,1938.4
deepgram,10,slurp_news,audio/open_source/i want to hear the last news from cnn.wav,i want to hear the last news from cnn,i want to hear the last news from cnn,1828.8
deepgram,11,slurp_news,audio/open_source/i want to hear the last news from cnn 2.wav,i want to hear the last news from cnn,i want to hear the last news from cnn,1794.7
deepgram,12,slurp_news,audio/open_source/i want to hear the last news from cnn 3.wav,i want to hear the last news from cnn,i want to hear the last news from cnn,1713.7
deepgram,13,slurp_news,audio/open_source/i want to hear the last news from cnn 4.wav,i want to hear the last news from cnn,i want to hear the last news from cnn,1784.6
deepgram,14,slurp_news,audio/open_source/i want to know everything that breaks about the dam breaking in california.wav,i want to know everything that breaks about the dam breaking in california,i want you to know everything that breaks about the dad breaking in california,1803.9
deepgram,15,slurp_news,audio/open_source/show me news about the environment.wav,show me news about the environment,show me news about the environment,1885.5
deepgram,16,slurp_news,audio/open_source/show me news about the environment 2.wav,show me news about the environment,show me news about the environment,2168.9
deepgram,17,slurp_news,audio/open_source/tell me about the new foreign policy of trump.wav,tell me about the new foreign policy of trump,tell me about the new foreign policy of trump,1473.5
deepgram,18,slurp_news,audio/open_source/tell me about the new foreign policy of trump 2.wav,tell me about the new foreign policy of trump,tell me about the new foreign policy of trump,1512.5
deepgram,19,slurp_news,audio/open_source/here's the truth about meals on wheels in someone's budget.wav,here's the truth about meals on wheels in someone's budget,here's the truth about meals and wills in someone's budget,1998.9
deepgram,20,slurp_news,audio/open_source/here's the truth about meals on wheels in someone's budget 2.wav,here's the truth about meals on wheels in someone's budget,here's the truth about meals on wheels in someone's budget,1861.3
deepgram,21,slurp_news,audio/open_source/here's the truth about meals on wheels in someone's budget 3.wav,here's the truth about meals on wheels in someone's budget,here's the truth about meals on wheels and someone's budget,1978.8
deepgram,22,slurp_news,audio/open_source/here's the truth about meals on wheels in someone's budget 4.wav,here's the truth about meals on wheels in someone's budget,here's the truth about meals or bills and someone's budget,1851.0
deepgram,23,slurp_news,audio/open_source/here's the truth about meals on wheels in someone's budget 5.wav,here's the truth about meals on wheels in someone's budget,here's the truth about meals or wills in someone's budget,1725.8
deepgram,24,slurp_news,audio/open_source/what's happening around the world.wav,what's happening around the world,what's happening around the world,1405.5
deepgram,25,slurp_news,audio/open_source/what's happening around the world 2.wav,what's happening around the world,what's happening around the world,1253.2
deepgram,26,slurp_news,audio/open_source/what's happening around the world 3.wav,what's happening around the world,thing around the world,1143.9
deepgram,27,slurp_news,audio/open_source/what's happening around the world 4.wav,what's happening around the world,happening around the world,1228.2
deepgram,28,slurp_news,audio/open_source/what's happening around the world 5.wav,what's happening around the world,what's happening around the world,1149.9
deepgram,29,slurp_news,audio/open_source/what's happening around the world 6.wav,what's happening around the world,what's happening around the world,1113.5
deepgram,30,slurp_news,audio/open_source/what's sensational in time of india.wav,what's sensational in time of india,what sensation in time of,1104.5
deepgram,31,slurp_news,audio/open_source/what's sensational in time of india 2.wav,what's sensational in time of india,what sensation and time,1202.8
deepgram,32,slurp_news,audio/open_source/what's sensational in time of india 3.wav,what's sensational in time of india,got sensational in time of india,1380.4
deepgram,33,slurp_news,audio/open_source/what's sensational in time of india 4.wav,what's sensational in time of india,was sensational in time of india,1320.3
deepgram,34,slurp_news,audio/open_source/what's sensational in time of india 5.wav,what's sensational in time of india,what sensation are in thai with india,1117.4
deepgram,35,slurp_news,audio/open_source/what's sensational in time of india 6.wav,what's sensational in time of india,what sensation on the entire of india,1107.2
deepgram,36,slurp_news,audio/open_source/tell me some business news.wav,tell me some business news,tell me something recent news,1125.4
deepgram,37,slurp_news,audio/open_source/tell me some business news 2.wav,tell me some business news,tell me something is amused,1204.5
deepgram,38,slurp_news,audio/open_source/tell me some business news 3.wav,tell me some business news,tell me some business news,1374.9
deepgram,39,slurp_news,audio/open_source/tell me some business news 4.wav,tell me some business news,tell me some business news,1131.6
deepgram,40,slurp_news,audio/open_source/tell me some business news 5.wav,tell me some business news,tell me some business news,1421.0
deepgram,41,slurp_news,audio/open_source/tell me some business news 6.wav,tell me some business news,tell me some business news,1159.4
deepgram,42,slurp_news,audio/open_source/tell me some business news 7.wav,tell me some business news,tell me some business news,1122.6
deepgram,43,slurp_news,audio/open_source/keep me informed about bitcoin price.wav,keep me informed about bitcoin price,keep me informed about bitcoin price,1373.0
deepgram,44,slurp_news,audio/open_source/keep me informed about bitcoin price 2.wav,keep me informed about bitcoin price,keep me informed about bitcoin price,1330.1
deepgram,45,slurp_news,audio/open_source/keep me informed about bitcoin price 3.wav,keep me informed about bitcoin price,give me informed about bitcoin price,1195.2
deepgram,46,slurp_news,audio/open_source/keep me informed about bitcoin price 4.wav,keep me informed about bitcoin price,keep me informed about bitcoin price,1149.9
deepgram,47,slurp_news,audio/open_source/keep me informed about bitcoin price 5.wav,keep me informed about bitcoin price,keep me informed about bitcoin price,1355.1
deepgram,48,slurp_news,audio/open_source/keep me informed about bitcoin price 6.wav,keep me informed about bitcoin price,can you inform about bitcoin price,1339.2
deepgram,49,slurp_news,audio/open_source/what's the latest news on cnn.wav,what's the latest news on cnn,what's the latest news on,1127.0
deepgram,50,slurp_ecommerce,audio/open_source/take out the milk from the shopping list.wav,take out the milk from the shopping list,take out the milk from the shopping list,1261.7
deepgram,51,slurp_ecommerce,audio/open_source/take out the milk from the shopping list 2.wav,take out the milk from the shopping list,they have the bill from the shopping list,1216.7
deepgram,52,slurp_ecommerce,audio/open_source/say the list.wav,say the list,save the list,1247.5
deepgram,53,slurp_ecommerce,audio/open_source/say the list 2.wav,say the list,say the list,1186.7
deepgram,54,slurp_ecommerce,audio/open_source/say the list 3.wav,say the list,say the least,1337.0
deepgram,55,slurp_ecommerce,audio/open_source/i have my clothes list.wav,i have my clothes list,i have my closed list,1231.2
deepgram,56,slurp_ecommerce,audio/open_source/i have my clothes list 2.wav,i have my clothes list,i have my closed list,1204.3
deepgram,57,slurp_ecommerce,audio/open_source/what items are on my shopping list.wav,what items are on my shopping list,what items are on my shopping list,1316.9
deepgram,58,slurp_ecommerce,audio/open_source/what items are on my shopping list 2.wav,what items are on my shopping list,what items are on my shopping list,1181.4
deepgram,59,slurp_ecommerce,audio/open_source/remind me of how many lists i have.wav,remind me of how many lists i have,remind me of how many list i have,1167.1
deepgram,60,slurp_ecommerce,audio/open_source/remind me of how many lists i have 2.wav,remind me of how many lists i have,remind me of how many list i have,1227.9
deepgram,61,slurp_ecommerce,audio/open_source/remind me of how many lists i have 3.wav,remind me of how many lists i have,remind me of how many lists i have,1413.7
deepgram,62,slurp_ecommerce,audio/open_source/remind me of how many lists i have 4.wav,remind me of how many lists i have,remind me of how many lisks i have,1369.0
deepgram,63,slurp_ecommerce,audio/open_source/add business contacts to contact list.wav,add business contacts to contact list,add business contacts to contact list,1134.4
deepgram,64,slurp_ecommerce,audio/open_source/add business contacts to contact list 2.wav,add business contacts to contact list,add business contacts to contact list,1160.6
deepgram,65,slurp_ecommerce,audio/open_source/please find all name start with alphabetic of a and create a list.wav,please find all name start with alphabetic of a and create a list,please find all the name starts with alphabet alphabetic and create a list,1572.5
deepgram,66,slurp_ecommerce,audio/open_source/delete item.wav,delete item,delete item,1257.2
deepgram,67,slurp_ecommerce,audio/open_source/delete item 2.wav,delete item,delete item,1365.1
deepgram,68,slurp_ecommerce,audio/open_source/delete item 3.wav,delete item,delete item,1129.6
deepgram,69,slurp_ecommerce,audio/open_source/delete item 4.wav,delete item,delete items,1177.9
deepgram,70,slurp_ecommerce,audio/open_source/delete item 5.wav,delete item,delete item,1168.1
deepgram,71,slurp_ecommerce,audio/open_source/delete item 6.wav,delete item,delete item,1232.4
deepgram,72,slurp_ecommerce,audio/open_source/delete item 7.wav,delete item,delete item,1147.6
deepgram,73,slurp_ecommerce,audio/open_source/delete item 8.wav,delete item,delete item,1149.7
deepgram,74,slurp_ecommerce,audio/open_source/delete item 9.wav,delete item,delete item,1097.1
deepgram,75,slurp_ecommerce,audio/open_source/delete item 10.wav,delete item,the lady's fine,1362.4
deepgram,76,slurp_ecommerce,audio/open_source/delete item 11.wav,delete item,delete item,1158.2
deepgram,77,slurp_ecommerce,audio/open_source/delete item 12.wav,delete item,delete item,1578.9
deepgram,78,slurp_ecommerce,audio/open_source/delete item 13.wav,delete item,delete item,1263.9
deepgram,79,slurp_ecommerce,audio/open_source/delete item 14.wav,delete item,delete item,1299.4
deepgram,80,slurp_ecommerce,audio/open_source/delete item 15.wav,delete item,delete item,1388.9
deepgram,81,slurp_ecommerce,audio/open_source/delete item 16.wav,delete item,delete item,1461.7
deepgram,82,slurp_ecommerce,audio/open_source/delete item 17.wav,delete item,delete item,1552.8
deepgram,83,slurp_ecommerce,audio/open_source/delete item 18.wav,delete item,delete id,1560.4
deepgram,84,slurp_ecommerce,audio/open_source/delete item 19.wav,delete item,delete item,1372.8
deepgram,85,slurp_ecommerce,audio/open_source/delete item 20.wav,delete item,delete item,1314.6
deepgram,86,slurp_ecommerce,audio/open_source/delete item 21.wav,delete item,delete the item,1648.3
deepgram,87,slurp_ecommerce,audio/open_source/delete item 22.wav,delete item,delete the item,1282.2
deepgram,88,slurp_ecommerce,audio/open_source/add detergent to the list of things i need to buy.wav,add detergent to the list of things i need to buy,detergent to the list of things i need to buy,1515.2
deepgram,89,slurp_ecommerce,audio/open_source/add detergent to the list of things i need to buy 2.wav,add detergent to the list of things i need to buy,add detergent to the list of things i need to buy,1722.0
deepgram,90,slurp_ecommerce,audio/open_source/add detergent to the list of things i need to buy 3.wav,add detergent to the list of things i need to buy,i just added to the list of things i need to buy,1787.5
deepgram,91,slurp_ecommerce,audio/open_source/olly clear the list.wav,olly clear the list,only clear the list,1945.7
deepgram,92,slurp_ecommerce,audio/open_source/olly does shibaru sushi deliver.wav,olly does shibaru sushi deliver,deliver,1533.1
deepgram,93,slurp_ecommerce,audio/open_source/olly does shibaru sushi deliver 2.wav,olly does shibaru sushi deliver,olly does shibaru sushi deliver,1650.9
deepgram,94,slurp_ecommerce,audio/open_source/olly does shibaru sushi deliver 3.wav,olly does shibaru sushi deliver,ollie does shibaru sushi deliver,1502.3
deepgram,95,slurp_ecommerce,audio/open_source/olly does shibaru sushi deliver 4.wav,olly does shibaru sushi deliver,ollie does shibaru sushi deliver,1922.3
deepgram,96,slurp_ecommerce,audio/open_source/olly does shibaru sushi deliver 5.wav,olly does shibaru sushi deliver,only the shibari sushi deliver,1334.6
deepgram,97,slurp_ecommerce,audio/open_source/add this to the list.wav,add this to the list,add this to the list,1438.1
deepgram,98,slurp_ecommerce,audio/open_source/is the last order is ready.wav,is the last order is ready,is the last order is ready,1648.3
deepgram,99,slurp_ecommerce,audio/open_source/is the last order is ready 2.wav,is the last order is ready,is the last order is ready,1811.5
deepgram,100,recorded_clean_news,audio/recorded/clean/Any recent news about NASA?.wav,Any recent news about NASA?,any recent news about nasa,3847.0
deepgram,101,recorded_clean_ecommerce,audio/recorded/clean/Find me some shoes similar to Elon Musk.wav,Find me some shoes similar to Elon Musk,find me some shoes similar to elon musk,1999.9
deepgram,102,recorded_clean_ecommerce,audio/recorded/clean/Get me some Nike shoes from Amazon.wav,Get me some Nike shoes from Amazon,get me some nike shoes from amazon,1818.0
deepgram,103,recorded_clean_news,audio/recorded/clean/Give me news about Trump at UN.wav,Give me news about Trump at UN,give me news about trump at u n,2282.2
deepgram,104,recorded_clean_ecommerce,audio/recorded/clean/Looking for some good office chair.wav,Looking for some good office chair,looking for some good office chair,1645.2
deepgram,105,recorded_clean_news,audio/recorded/clean/Show me some news about Trump.wav,Show me some news about Trump,show me some news about trump,1634.5
deepgram,106,recorded_clean_ecommerce,audio/recorded/clean/Show me some t-shirts from Amazon.com.wav,Show me some t-shirts from Amazon.com,show me some t shirts from amazon dot com,1529.6
deepgram,107,recorded_clean_ecommerce,audio/recorded/clean/Show me some wireless headphones from eBay.wav,Show me some wireless headphones from eBay,show me some wireless headphones from ebay,1607.3
deepgram,108,recorded_clean_news,audio/recorded/clean/Tell me some latest news about Barack Obama.wav,Tell me some latest news about Barack Obama,tell me some latest news about barack obama,1530.8
deepgram,109,recorded_clean_news,audio/recorded/clean/Trump news.wav,Trump news,trump news,1389.7
deepgram,110,recorded_clean_news,audio/recorded/clean/Well tell me some news about Tom Cruise.wav,Well tell me some news about Tom Cruise,well tell me some news about tom cruise,1758.4
deepgram,111,recorded_clean_news,audio/recorded/clean/What's happening at Washington DC these days?.wav,What's happening at Washington DC these days?,what's happening at washington dc these days,1583.3
deepgram,112,recorded_clean_news,audio/recorded/clean/What's the news about Apple's new iPhone?.wav,What's the news about Apple's new iPhone?,what's the news about apple's new iphone,1628.8
deepgram,113,recorded_clean_news,audio/recorded/clean/What's up with Trump these days?.wav,What's up with Trump these days?,what's up with trump these days,1572.5
deepgram,114,recorded_clean_ecommerce,audio/recorded/clean/show me some adidas running shoes.wav,show me some adidas running shoes,show me some edidas running shoes,1673.5
deepgram,115,recorded_noisy_news,audio/recorded/noisy/Any recent news about NASA?_Claps & Cheers_-5.wav,Any recent news about NASA?,any recent news about nasal,1589.7
deepgram,116,recorded_noisy_news,audio/recorded/noisy/Any recent news about NASA?_Claps & Cheers_0.wav,Any recent news about NASA?,any recent news about nasal,1725.3
deepgram,117,recorded_noisy_news,audio/recorded/noisy/Any recent news about NASA?_Claps & Cheers_10.wav,Any recent news about NASA?,any recent news about nasa,1630.4
deepgram,118,recorded_noisy_news,audio/recorded/noisy/Any recent news about NASA?_Claps & Cheers_5.wav,Any recent news about NASA?,any recent news about nasa,1692.9
deepgram,119,recorded_noisy_news,audio/recorded/noisy/Any recent news about NASA?_Retail Ambient Noise_-5.wav,Any recent news about NASA?,can you please take the,2194.2
deepgram,120,recorded_noisy_news,audio/recorded/noisy/Any recent news about NASA?_Retail Ambient Noise_0.wav,Any recent news about NASA?,any recent news about nasa,1615.0
deepgram,121,recorded_noisy_news,audio/recorded/noisy/Any recent news about NASA?_Retail Ambient Noise_10.wav,Any recent news about NASA?,any recent news about nasa,1814.0
deepgram,122,recorded_noisy_news,audio/recorded/noisy/Any recent news about NASA?_Retail Ambient Noise_5.wav,Any recent news about NASA?,any recent news about nasa,1612.4
deepgram,123,recorded_noisy_news,audio/recorded/noisy/Any recent news about NASA?_Traffic & Wind_-5.wav,Any recent news about NASA?,any recent news about nasa,1628.8
deepgram,124,recorded_noisy_news,audio/recorded/noisy/Any recent news about NASA?_Traffic & Wind_0.wav,Any recent news about NASA?,any recent news about nasa,1709.9
deepgram,125,recorded_noisy_news,audio/recorded/noisy/Any recent news about NASA?_Traffic & Wind_10.wav,Any recent news about NASA?,any recent news about nasa,1590.8
deepgram,126,recorded_noisy_news,audio/recorded/noisy/Any recent news about NASA?_Traffic & Wind_5.wav,Any recent news about NASA?,any recent news about nasa,1612.1
deepgram,127,recorded_noisy_ecommerce,audio/recorded/noisy/Find me some shoes similar to Elon Musk_Claps & Cheers_-5.wav,Find me some shoes similar to Elon Musk,find me some shoes similar grade on this,1707.7
deepgram,128,recorded_noisy_ecommerce,audio/recorded/noisy/Find me some shoes similar to Elon Musk_Claps & Cheers_0.wav,Find me some shoes similar to Elon Musk,find me some shoes similar to elon musk,1630.3
deepgram,129,recorded_noisy_ecommerce,audio/recorded/noisy/Find me some shoes similar to Elon Musk_Claps & Cheers_10.wav,Find me some shoes similar to Elon Musk,find me some shoes similar to elon musk,1998.4
deepgram,130,recorded_noisy_ecommerce,audio/recorded/noisy/Find me some shoes similar to Elon Musk_Claps & Cheers_5.wav,Find me some shoes similar to Elon Musk,find me some shoes similar to elon musk,1736.5
deepgram,131,recorded_noisy_ecommerce,audio/recorded/noisy/Find me some shoes similar to Elon Musk_Retail Ambient Noise_-5.wav,Find me some shoes similar to Elon Musk,,1636.5
deepgram,132,recorded_noisy_ecommerce,audio/recorded/noisy/Find me some shoes similar to Elon Musk_Retail Ambient Noise_0.wav,Find me some shoes similar to Elon Musk,find ways i'm showing similar to a bone muscle,1723.6
deepgram,133,recorded_noisy_ecommerce,audio/recorded/noisy/Find me some shoes similar to Elon Musk_Retail Ambient Noise_10.wav,Find me some shoes similar to Elon Musk,find me some shoes similar to elon musk,1815.2
deepgram,134,recorded_noisy_ecommerce,audio/recorded/noisy/Find me some shoes similar to Elon Musk_Retail Ambient Noise_5.wav,Find me some shoes similar to Elon Musk,find me some shoes similar to elon musk,1634.2
deepgram,135,recorded_noisy_ecommerce,audio/recorded/noisy/Find me some shoes similar to Elon Musk_Traffic & Wind_-5.wav,Find me some shoes similar to Elon Musk,find me some shoes similar to elon musk,1710.2
deepgram,136,recorded_noisy_ecommerce,audio/recorded/noisy/Find me some shoes similar to Elon Musk_Traffic & Wind_0.wav,Find me some shoes similar to Elon Musk,find me some shoes similar to elon musk,1621.6
deepgram,137,recorded_noisy_ecommerce,audio/recorded/noisy/Find me some shoes similar to Elon Musk_Traffic & Wind_10.wav,Find me some shoes similar to Elon Musk,find me some shoes similar to elon musk,1542.0
deepgram,138,recorded_noisy_ecommerce,audio/recorded/noisy/Find me some shoes similar to Elon Musk_Traffic & Wind_5.wav,Find me some shoes similar to Elon Musk,find me some shoes similar to elon musk,1837.7
deepgram,139,recorded_noisy_ecommerce,audio/recorded/noisy/Get me some Nike shoes from Amazon_Claps & Cheers_-5.wav,Get me some Nike shoes from Amazon,get me some night issues from amazon,1800.4
deepgram,140,recorded_noisy_ecommerce,audio/recorded/noisy/Get me some Nike shoes from Amazon_Claps & Cheers_0.wav,Get me some Nike shoes from Amazon,get me some night issues from amazon,1509.9
deepgram,141,recorded_noisy_ecommerce,audio/recorded/noisy/Get me some Nike shoes from Amazon_Claps & Cheers_10.wav,Get me some Nike shoes from Amazon,get me some nike shoes from amazon,1563.3
deepgram,142,recorded_noisy_ecommerce,audio/recorded/noisy/Get me some Nike shoes from Amazon_Claps & Cheers_5.wav,Get me some Nike shoes from Amazon,get me some nike shoes from amazon,1600.0
deepgram,143,recorded_noisy_ecommerce,audio/recorded/noisy/Get me some Nike shoes from Amazon_Retail Ambient Noise_-5.wav,Get me some Nike shoes from Amazon,,1533.0
deepgram,144,recorded_noisy_ecommerce,audio/recorded/noisy/Get me some Nike shoes from Amazon_Retail Ambient Noise_0.wav,Get me some Nike shoes from Amazon,get me some night vision from amazon,1688.4
deepgram,145,recorded_noisy_ecommerce,audio/recorded/noisy/Get me some Nike shoes from Amazon_Retail Ambient Noise_10.wav,Get me some Nike shoes from Amazon,get me some nike shoes from amazon,1607.8
deepgram,146,recorded_noisy_ecommerce,audio/recorded/noisy/Get me some Nike shoes from Amazon_Retail Ambient Noise_5.wav,Get me some Nike shoes from Amazon,get me some nike shoes from amazon,1682.8
deepgram,147,recorded_noisy_ecommerce,audio/recorded/noisy/Get me some Nike shoes from Amazon_Traffic & Wind_-5.wav,Get me some Nike shoes from Amazon,get me some nike shoes from amazon,1570.6
deepgram,148,recorded_noisy_ecommerce,audio/recorded/noisy/Get me some Nike shoes from Amazon_Traffic & Wind_0.wav,Get me some Nike shoes from Amazon,get me some nike shoes from amazon,1608.6
deepgram,149,recorded_noisy_ecommerce,audio/recorded/noisy/Get me some Nike shoes from Amazon_Traffic & Wind_10.wav,Get me some Nike shoes from Amazon,get me some nike shoes from amazon,1693.0
deepgram,150,recorded_noisy_ecommerce,audio/recorded/noisy/Get me some Nike shoes from Amazon_Traffic & Wind_5.wav,Get me some Nike shoes from Amazon,get me some nike shoes from amazon,1534.5
deepgram,151,recorded_noisy_news,audio/recorded/noisy/Give me news about Trump at UN_Claps & Cheers_-5.wav,Give me news about Trump at UN,give me news about bronchitis,2296.8
deepgram,152,recorded_noisy_news,audio/recorded/noisy/Give me news about Trump at UN_Claps & Cheers_0.wav,Give me news about Trump at UN,give me news about trompeg un,1641.5
deepgram,153,recorded_noisy_news,audio/recorded/noisy/Give me news about Trump at UN_Claps & Cheers_10.wav,Give me news about Trump at UN,give me news about trump at u n,1552.1
deepgram,154,recorded_noisy_news,audio/recorded/noisy/Give me news about Trump at UN_Claps & Cheers_5.wav,Give me news about Trump at UN,give me news about trumpet u n,1716.1
deepgram,155,recorded_noisy_news,audio/recorded/noisy/Give me news about Trump at UN_Retail Ambient Noise_-5.wav,Give me news about Trump at UN,give me the moment i'm try to do my,1658.9
deepgram,156,recorded_noisy_news,audio/recorded/noisy/Give me news about Trump at UN_Retail Ambient Noise_0.wav,Give me news about Trump at UN,give me news about the wrong pet you went,1594.9
deepgram,157,recorded_noisy_news,audio/recorded/noisy/Give me news about Trump at UN_Retail Ambient Noise_10.wav,Give me news about Trump at UN,give me news about trump at un,1610.1
deepgram,158,recorded_noisy_news,audio/recorded/noisy/Give me news about Trump at UN_Retail Ambient Noise_5.wav,Give me news about Trump at UN,give me news about trump at un,1679.2
deepgram,159,recorded_noisy_news,audio/recorded/noisy/Give me news about Trump at UN_Traffic & Wind_-5.wav,Give me news about Trump at UN,give me news about the trump at un,1707.5
deepgram,160,recorded_noisy_news,audio/recorded/noisy/Give me news about Trump at UN_Traffic & Wind_0.wav,Give me news about Trump at UN,give me news about trump at un,1849.4
deepgram,161,recorded_noisy_news,audio/recorded/noisy/Give me news about Trump at UN_Traffic & Wind_10.wav,Give me news about Trump at UN,give me news about trump at u n,1558.2
deepgram,162,recorded_noisy_news,audio/recorded/noisy/Give me news about Trump at UN_Traffic & Wind_5.wav,Give me news about Trump at UN,give me news about trump at un,1644.1
deepgram,163,recorded_noisy_ecommerce,audio/recorded/noisy/Looking for some good office chair_Claps & Cheers_-5.wav,Looking for some good office chair,looking for some good office chair,1591.0
deepgram,164,recorded_noisy_ecommerce,audio/recorded/noisy/Looking for some good office chair_Claps & Cheers_0.wav,Looking for some good office chair,looking for some good office chair,1615.6
deepgram,165,recorded_noisy_ecommerce,audio/recorded/noisy/Looking for some good office chair_Claps & Cheers_10.wav,Looking for some good office chair,looking for some good office chair,1651.0
deepgram,166,recorded_noisy_ecommerce,audio/recorded/noisy/Looking for some good office chair_Claps & Cheers_5.wav,Looking for some good office chair,looking for some good office chair,1630.7
deepgram,167,recorded_noisy_ecommerce,audio/recorded/noisy/Looking for some good office chair_Retail Ambient Noise_-5.wav,Looking for some good office chair,,1649.0
deepgram,168,recorded_noisy_ecommerce,audio/recorded/noisy/Looking for some good office chair_Retail Ambient Noise_0.wav,Looking for some good office chair,looking for some good office chair,1543.3
deepgram,169,recorded_noisy_ecommerce,audio/recorded/noisy/Looking for some good office chair_Retail Ambient Noise_10.wav,Looking for some good office chair,looking for some good office chair,1611.4
deepgram,170,recorded_noisy_ecommerce,audio/recorded/noisy/Looking for some good office chair_Retail Ambient Noise_5.wav,Looking for some good office chair,looking for some good office chair,1612.8
deepgram,171,recorded_noisy_ecommerce,audio/recorded/noisy/Looking for some good office chair_Traffic & Wind_-5.wav,Looking for some good office chair,looking for some good office chair,1688.3
deepgram,172,recorded_noisy_ecommerce,audio/recorded/noisy/Looking for some good office chair_Traffic & Wind_0.wav,Looking for some good office chair,looking for some good office chair,1556.6
deepgram,173,recorded_noisy_ecommerce,audio/recorded/noisy/Looking for some good office chair_Traffic & Wind_10.wav,Looking for some good office chair,looking for some good office chair,1704.0
deepgram,174,recorded_noisy_ecommerce,audio/recorded/noisy/Looking for some good office chair_Traffic & Wind_5.wav,Looking for some good office chair,looking for some good office chair,1747.0
deepgram,175,recorded_noisy_news,audio/recorded/noisy/Show me some news about Trump_Claps & Cheers_-5.wav,Show me some news about Trump,show me some news about strat,2050.2
deepgram,176,recorded_noisy_news,audio/recorded/noisy/Show me some news about Trump_Claps & Cheers_0.wav,Show me some news about Trump,show me some news about sprint,1891.9
deepgram,177,recorded_noisy_news,audio/recorded/noisy/Show me some news about Trump_Claps & Cheers_10.wav,Show me some news about Trump,show me some news about trump,1728.9
deepgram,178,recorded_noisy_news,audio/recorded/noisy/Show me some news about Trump_Claps & Cheers_5.wav,Show me some news about Trump,show me some news about trump,1731.1
deepgram,179,recorded_noisy_news,audio/recorded/noisy/Show me some news about Trump_Retail Ambient Noise_-5.wav,Show me some news about Trump,two minutes and meals and all,1843.6
deepgram,180,recorded_noisy_news,audio/recorded/noisy/Show me some news about Trump_Retail Ambient Noise_0.wav,Show me some news about Trump,show me some news about trump,6897.7
deepgram,181,recorded_noisy_news,audio/recorded/noisy/Show me some news about Trump_Retail Ambient Noise_10.wav,Show me some news about Trump,show me some news about trump,6661.0
deepgram,182,recorded_noisy_news,audio/recorded/noisy/Show me some news about Trump_Retail Ambient Noise_5.wav,Show me some news about Trump,show me some news about trump,6593.5
deepgram,183,recorded_noisy_news,audio/recorded/noisy/Show me some news about Trump_Traffic & Wind_-5.wav,Show me some news about Trump,show me some news about the truck,5657.4
deepgram,184,recorded_noisy_news,audio/recorded/noisy/Show me some news about Trump_Traffic & Wind_0.wav,Show me some news about Trump,show me some news about trump,1798.5
deepgram,185,recorded_noisy_news,audio/recorded/noisy/Show me some news about Trump_Traffic & Wind_10.wav,Show me some news about Trump,show me some news about trump,1799.5
deepgram,186,recorded_noisy_news,audio/recorded/noisy/Show me some news about Trump_Traffic & Wind_5.wav,Show me some news about Trump,show me some news about trump,2076.1
deepgram,187,recorded_noisy_ecommerce,audio/recorded/noisy/Show me some t-shirts from Amazon.com_Claps & Cheers_-5.wav,Show me some t-shirts from Amazon.com,show me some t shirts from amazon dot com,2330.4
deepgram,188,recorded_noisy_ecommerce,audio/recorded/noisy/Show me some t-shirts from Amazon.com_Claps & Cheers_0.wav,Show me some t-shirts from Amazon.com,show me some t shirts from amazon dot com,3593.8
deepgram,189,recorded_noisy_ecommerce,audio/recorded/noisy/Show me some t-shirts from Amazon.com_Claps & Cheers_10.wav,Show me some t-shirts from Amazon.com,show me some t shirts from amazon dot com,1708.2
deepgram,190,recorded_noisy_ecommerce,audio/recorded/noisy/Show me some t-shirts from Amazon.com_Claps & Cheers_5.wav,Show me some t-shirts from Amazon.com,show me some t shirts from amazon dot com,1617.1
deepgram,191,recorded_noisy_ecommerce,audio/recorded/noisy/Show me some t-shirts from Amazon.com_Retail Ambient Noise_-5.wav,Show me some t-shirts from Amazon.com,show me some of t shirts for,1744.0
deepgram,192,recorded_noisy_ecommerce,audio/recorded/noisy/Show me some t-shirts from Amazon.com_Retail Ambient Noise_0.wav,Show me some t-shirts from Amazon.com,show me some t shirts from amazon dot com,1726.0
deepgram,193,recorded_noisy_ecommerce,audio/recorded/noisy/Show me some t-shirts from Amazon.com_Retail Ambient Noise_10.wav,Show me some t-shirts from Amazon.com,show me some t shirts from amazon dot com,1594.2
deepgram,194,recorded_noisy_ecommerce,audio/recorded/noisy/Show me some t-shirts from Amazon.com_Retail Ambient Noise_5.wav,Show me some t-shirts from Amazon.com,show me some t shirts from amazon dot com,1634.6
deepgram,195,recorded_noisy_ecommerce,audio/recorded/noisy/Show me some t-shirts from Amazon.com_Traffic & Wind_-5.wav,Show me some t-shirts from Amazon.com,show me some t shirts from amazon dot com,1581.4
deepgram,196,recorded_noisy_ecommerce,audio/recorded/noisy/Show me some t-shirts from Amazon.com_Traffic & Wind_0.wav,Show me some t-shirts from Amazon.com,show me some t shirts from amazon dot com,1667.5
deepgram,197,recorded_noisy_ecommerce,audio/recorded/noisy/Show me some t-shirts from Amazon.com_Traffic & Wind_10.wav,Show me some t-shirts from Amazon.com,show me some t shirts from amazon dot com,1740.3
deepgram,198,recorded_noisy_ecommerce,audio/recorded/noisy/Show me some t-shirts from Amazon.com_Traffic & Wind_5.wav,Show me some t-shirts from Amazon.com,show me some t shirts from amazon dot com,1593.4
deepgram,199,recorded_noisy_ecommerce,audio/recorded/noisy/Show me some wireless headphones from eBay_Claps & Cheers_-5.wav,Show me some wireless headphones from eBay,show me some wireless response from ebay,1620.7
deepgram,200,recorded_noisy_ecommerce,audio/recorded/noisy/Show me some wireless headphones from eBay_Claps & Cheers_0.wav,Show me some wireless headphones from eBay,show me some wireless response from ebay,1576.6
deepgram,201,recorded_noisy_ecommerce,audio/recorded/noisy/Show me some wireless headphones from eBay_Claps & Cheers_10.wav,Show me some wireless headphones from eBay,show me some wireless headphones from ebay,1561.8
deepgram,202,recorded_noisy_ecommerce,audio/recorded/noisy/Show me some wireless headphones from eBay_Claps & Cheers_5.wav,Show me some wireless headphones from eBay,show me some wireless headphones from ebay,1743.9
deepgram,203,recorded_noisy_ecommerce,audio/recorded/noisy/Show me some wireless headphones from eBay_Retail Ambient Noise_-5.wav,Show me some wireless headphones from eBay,show me some products and also some,1635.7
deepgram,204,recorded_noisy_ecommerce,audio/recorded/noisy/Show me some wireless headphones from eBay_Retail Ambient Noise_0.wav,Show me some wireless headphones from eBay,show me some wireless headphones from ebay,1679.3
deepgram,205,recorded_noisy_ecommerce,audio/recorded/noisy/Show me some wireless headphones from eBay_Retail Ambient Noise_10.wav,Show me some wireless headphones from eBay,show me some wireless headphones from ebay,1718.9
deepgram,206,recorded_noisy_ecommerce,audio/recorded/noisy/Show me some wireless headphones from eBay_Retail Ambient Noise_5.wav,Show me some wireless headphones from eBay,show me some wireless headphones from ebay,1618.6
deepgram,207,recorded_noisy_ecommerce,audio/recorded/noisy/Show me some wireless headphones from eBay_Traffic & Wind_-5.wav,Show me some wireless headphones from eBay,show me some wireless headphones from ebay,1615.8
deepgram,208,recorded_noisy_ecommerce,audio/recorded/noisy/Show me some wireless headphones from eBay_Traffic & Wind_0.wav,Show me some wireless headphones from eBay,show me some wireless headphones from ebay,1509.8
deepgram,209,recorded_noisy_ecommerce,audio/recorded/noisy/Show me some wireless headphones from eBay_Traffic & Wind_10.wav,Show me some wireless headphones from eBay,show me some wireless headphones from ebay,1578.2
deepgram,210,recorded_noisy_ecommerce,audio/recorded/noisy/Show me some wireless headphones from eBay_Traffic & Wind_5.wav,Show me some wireless headphones from eBay,show me some wireless headphones from ebay,1746.4
deepgram,211,recorded_noisy_news,audio/recorded/noisy/Tell me some latest news about Barack Obama_Claps & Cheers_-5.wav,Tell me some latest news about Barack Obama,tell me some latest news about barack obama,1768.2
deepgram,212,recorded_noisy_news,audio/recorded/noisy/Tell me some latest news about Barack Obama_Claps & Cheers_0.wav,Tell me some latest news about Barack Obama,tell me some latest news about barack obama,1539.7
deepgram,213,recorded_noisy_news,audio/recorded/noisy/Tell me some latest news about Barack Obama_Claps & Cheers_10.wav,Tell me some latest news about Barack Obama,tell me some latest news about barack obama,1548.9
deepgram,214,recorded_noisy_news,audio/recorded/noisy/Tell me some latest news about Barack Obama_Claps & Cheers_5.wav,Tell me some latest news about Barack Obama,tell me some latest news about barack obama,1693.5
deepgram,215,recorded_noisy_news,audio/recorded/noisy/Tell me some latest news about Barack Obama_Retail Ambient Noise_-5.wav,Tell me some latest news about Barack Obama,,1541.8
deepgram,216,recorded_noisy_news,audio/recorded/noisy/Tell me some latest news about Barack Obama_Retail Ambient Noise_0.wav,Tell me some latest news about Barack Obama,tell me some latest news about barakolam,1707.2
deepgram,217,recorded_noisy_news,audio/recorded/noisy/Tell me some latest news about Barack Obama_Retail Ambient Noise_10.wav,Tell me some latest news about Barack Obama,tell me some latest news about barack obama,1737.6
deepgram,218,recorded_noisy_news,audio/recorded/noisy/Tell me some latest news about Barack Obama_Retail Ambient Noise_5.wav,Tell me some latest news about Barack Obama,tell me some latest news about barack obama,1850.1
deepgram,219,recorded_noisy_news,audio/recorded/noisy/Tell me some latest news about Barack Obama_Traffic & Wind_-5.wav,Tell me some latest news about Barack Obama,tell me some latest news about barack obama,2271.3
deepgram,220,recorded_noisy_news,audio/recorded/noisy/Tell me some latest news about Barack Obama_Traffic & Wind_0.wav,Tell me some latest news about Barack Obama,tell me some latest news about barack obama,1888.5
deepgram,221,recorded_noisy_news,audio/recorded/noisy/Tell me some latest news about Barack Obama_Traffic & Wind_10.wav,Tell me some latest news about Barack Obama,tell me some latest news about barack obama,1708.9
deepgram,222,recorded_noisy_news,audio/recorded/noisy/Tell me some latest news about Barack Obama_Traffic & Wind_5.wav,Tell me some latest news about Barack Obama,tell me some latest news about barack obama,1680.4
deepgram,223,recorded_noisy_news,audio/recorded/noisy/Trump news_Claps & Cheers_-5.wav,Trump news,from the news,1557.4
deepgram,224,recorded_noisy_news,audio/recorded/noisy/Trump news_Claps & Cheers_0.wav,Trump news,trump news,1527.9
deepgram,225,recorded_noisy_news,audio/recorded/noisy/Trump news_Claps & Cheers_10.wav,Trump news,trump news,1478.3
deepgram,226,recorded_noisy_news,audio/recorded/noisy/Trump news_Claps & Cheers_5.wav,Trump news,trump news,1987.8
deepgram,227,recorded_noisy_news,audio/recorded/noisy/Trump news_Retail Ambient Noise_-5.wav,Trump news,drummed meals,1739.5
deepgram,228,recorded_noisy_news,audio/recorded/noisy/Trump news_Retail Ambient Noise_0.wav,Trump news,trump news,1987.9
deepgram,229,recorded_noisy_news,audio/recorded/noisy/Trump news_Retail Ambient Noise_10.wav,Trump news,trump news,1474.7
deepgram,230,recorded_noisy_news,audio/recorded/noisy/Trump news_Retail Ambient Noise_5.wav,Trump news,trump news,1441.9
deepgram,231,recorded_noisy_news,audio/recorded/noisy/Trump news_Traffic & Wind_-5.wav,Trump news,trump news,1508.5
deepgram,232,recorded_noisy_news,audio/recorded/noisy/Trump news_Traffic & Wind_0.wav,Trump news,trump news,2458.3
deepgram,233,recorded_noisy_news,audio/recorded/noisy/Trump news_Traffic & Wind_10.wav,Trump news,trump news,1452.4
deepgram,234,recorded_noisy_news,audio/recorded/noisy/Trump news_Traffic & Wind_5.wav,Trump news,trump news,1614.4
deepgram,235,recorded_noisy_news,audio/recorded/noisy/Well tell me some news about Tom Cruise_Claps & Cheers_-5.wav,Well tell me some news about Tom Cruise,will tell me some news about bronchus,1794.8
deepgram,236,recorded_noisy_news,audio/recorded/noisy/Well tell me some news about Tom Cruise_Claps & Cheers_0.wav,Well tell me some news about Tom Cruise,will tell me some news about tom cruise,1783.6
deepgram,237,recorded_noisy_news,audio/recorded/noisy/Well tell me some news about Tom Cruise_Claps & Cheers_10.wav,Well tell me some news about Tom Cruise,will tell me some news about tom cruise,1704.0
deepgram,238,recorded_noisy_news,audio/recorded/noisy/Well tell me some news about Tom Cruise_Claps & Cheers_5.wav,Well tell me some news about Tom Cruise,will tell me some news about tom cruise,1763.5
deepgram,239,recorded_noisy_news,audio/recorded/noisy/Well tell me some news about Tom Cruise_Retail Ambient Noise_-5.wav,Well tell me some news about Tom Cruise,,1573.8
deepgram,240,recorded_noisy_news,audio/recorded/noisy/Well tell me some news about Tom Cruise_Retail Ambient Noise_0.wav,Well tell me some news about Tom Cruise,will you tell me some news about tom cruise,1711.4
deepgram,241,recorded_noisy_news,audio/recorded/noisy/Well tell me some news about Tom Cruise_Retail Ambient Noise_10.wav,Well tell me some news about Tom Cruise,will tell me some news about tom cruise,2194.6
deepgram,242,recorded_noisy_news,audio/recorded/noisy/Well tell me some news about Tom Cruise_Retail Ambient Noise_5.wav,Well tell me some news about Tom Cruise,will you tell me some news about trump cruise,2547.9
deepgram,243,recorded_noisy_news,audio/recorded/noisy/Well tell me some news about Tom Cruise_Traffic & Wind_-5.wav,Well tell me some news about Tom Cruise,will tell me some news about tom cruise,2496.9
deepgram,244,recorded_noisy_news,audio/recorded/noisy/Well tell me some news about Tom Cruise_Traffic & Wind_0.wav,Well tell me some news about Tom Cruise,will tell me some news about tom cruise,2087.8
deepgram,245,recorded_noisy_news,audio/recorded/noisy/Well tell me some news about Tom Cruise_Traffic & Wind_10.wav,Well tell me some news about Tom Cruise,well tell me some news about tom cruise,2125.9
deepgram,246,recorded_noisy_news,audio/recorded/noisy/Well tell me some news about Tom Cruise_Traffic & Wind_5.wav,Well tell me some news about Tom Cruise,well tell me some news about tom cruise,2278.5
deepgram,247,recorded_noisy_news,audio/recorded/noisy/What's happening at Washington DC these days?_Claps & Cheers_-5.wav,What's happening at Washington DC these days?,what's happening at washington dc these days,2100.5
deepgram,248,recorded_noisy_news,audio/recorded/noisy/What's happening at Washington DC these days?_Claps & Cheers_0.wav,What's happening at Washington DC these days?,what's happening at washington dc these days,2093.8
deepgram,249,recorded_noisy_news,audio/recorded/noisy/What's happening at Washington DC these days?_Claps & Cheers_10.wav,What's happening at Washington DC these days?,what's happening at washington dc these days,2111.7
deepgram,250,recorded_noisy_news,audio/recorded/noisy/What's happening at Washington DC these days?_Claps & Cheers_5.wav,What's happening at Washington DC these days?,what's happening at washington dc these days,2126.1
deepgram,251,recorded_noisy_news,audio/recorded/noisy/What's happening at Washington DC these days?_Retail Ambient Noise_-5.wav,What's happening at Washington DC these days?,what's happening at washington dc these days,2222.0
deepgram,252,recorded_noisy_news,audio/recorded/noisy/What's happening at Washington DC these days?_Retail Ambient Noise_0.wav,What's happening at Washington DC these days?,what's happening at washington dc these days,2043.2
deepgram,253,recorded_noisy_news,audio/recorded/noisy/What's happening at Washington DC these days?_Retail Ambient Noise_10.wav,What's happening at Washington DC these days?,what's happening at washington dc these days,2176.1
deepgram,254,recorded_noisy_news,audio/recorded/noisy/What's happening at Washington DC these days?_Retail Ambient Noise_5.wav,What's happening at Washington DC these days?,what's happening at washington dc these days,2063.3
deepgram,255,recorded_noisy_news,audio/recorded/noisy/What's happening at Washington DC these days?_Traffic & Wind_-5.wav,What's happening at Washington DC these days?,what's happening at washington dc these days,2084.4
deepgram,256,recorded_noisy_news,audio/recorded/noisy/What's happening at Washington DC these days?_Traffic & Wind_0.wav,What's happening at Washington DC these days?,what's happening at washington dc these days,2370.2
deepgram,257,recorded_noisy_news,audio/recorded/noisy/What's happening at Washington DC these days?_Traffic & Wind_10.wav,What's happening at Washington DC these days?,what's happening at washington dc these days,2938.4
deepgram,258,recorded_noisy_news,audio/recorded/noisy/What's happening at Washington DC these days?_Traffic & Wind_5.wav,What's happening at Washington DC these days?,what's happening at washington dc these days,2126.1
deepgram,259,recorded_noisy_news,audio/recorded/noisy/What's the news about Apple's new iPhone?_Claps & Cheers_-5.wav,What's the news about Apple's new iPhone?,what's the news about the first new iphone,2029.6
deepgram,260,recorded_noisy_news,audio/recorded/noisy/What's the news about Apple's new iPhone?_Claps & Cheers_0.wav,What's the news about Apple's new iPhone?,what's the news about apple's new iphone,1566.8
deepgram,261,recorded_noisy_news,audio/recorded/noisy/What's the news about Apple's new iPhone?_Claps & Cheers_10.wav,What's the news about Apple's new iPhone?,what's the news about apple's new iphone,2902.6
deepgram,262,recorded_noisy_news,audio/recorded/noisy/What's the news about Apple's new iPhone?_Claps & Cheers_5.wav,What's the news about Apple's new iPhone?,what's the news about apple's new iphone,1594.0
deepgram,263,recorded_noisy_news,audio/recorded/noisy/What's the news about Apple's new iPhone?_Retail Ambient Noise_-5.wav,What's the news about Apple's new iPhone?,,1782.0
deepgram,264,recorded_noisy_news,audio/recorded/noisy/What's the news about Apple's new iPhone?_Retail Ambient Noise_0.wav,What's the news about Apple's new iPhone?,what's the news about apple's new iphone,1741.5
deepgram,265,recorded_noisy_news,audio/recorded/noisy/What's the news about Apple's new iPhone?_Retail Ambient Noise_10.wav,What's the news about Apple's new iPhone?,what's the news about apple's new iphone,1561.3
deepgram,266,recorded_noisy_news,audio/recorded/noisy/What's the news about Apple's new iPhone?_Retail Ambient Noise_5.wav,What's the news about Apple's new iPhone?,what's the news about apple's new iphone,1637.6
deepgram,267,recorded_noisy_news,audio/recorded/noisy/What's the news about Apple's new iPhone?_Traffic & Wind_-5.wav,What's the news about Apple's new iPhone?,what's the news about apple's new iphone,2120.8
deepgram,268,recorded_noisy_news,audio/recorded/noisy/What's the news about Apple's new iPhone?_Traffic & Wind_0.wav,What's the news about Apple's new iPhone?,what's the news about apple's new iphone,1588.9
deepgram,269,recorded_noisy_news,audio/recorded/noisy/What's the news about Apple's new iPhone?_Traffic & Wind_10.wav,What's the news about Apple's new iPhone?,what's the news about apple's new iphone,3170.9
deepgram,270,recorded_noisy_news,audio/recorded/noisy/What's the news about Apple's new iPhone?_Traffic & Wind_5.wav,What's the news about Apple's new iPhone?,what's the news about apple's new iphone,2089.3
deepgram,271,recorded_noisy_news,audio/recorded/noisy/What's up with Trump these days?_Claps & Cheers_-5.wav,What's up with Trump these days?,whatsapp with trump these days,1616.9
deepgram,272,recorded_noisy_news,audio/recorded/noisy/What's up with Trump these days?_Claps & Cheers_0.wav,What's up with Trump these days?,what's up with trump these days,1583.4
deepgram,273,recorded_noisy_news,audio/recorded/noisy/What's up with Trump these days?_Claps & Cheers_10.wav,What's up with Trump these days?,what's up with trump these days,1592.7
deepgram,274,recorded_noisy_news,audio/recorded/noisy/What's up with Trump these days?_Claps & Cheers_5.wav,What's up with Trump these days?,what's up with trump these days,1621.7
deepgram,275,recorded_noisy_news,audio/recorded/noisy/What's up with Trump these days?_Retail Ambient Noise_-5.wav,What's up with Trump these days?,what's the problem these days,1565.8
deepgram,276,recorded_noisy_news,audio/recorded/noisy/What's up with Trump these days?_Retail Ambient Noise_0.wav,What's up with Trump these days?,what's up with from these days,2158.0
deepgram,277,recorded_noisy_news,audio/recorded/noisy/What's up with Trump these days?_Retail Ambient Noise_10.wav,What's up with Trump these days?,what's up with trump these days,2527.5
deepgram,278,recorded_noisy_news,audio/recorded/noisy/What's up with Trump these days?_Retail Ambient Noise_5.wav,What's up with Trump these days?,what's up with trump these days,1609.7
deepgram,279,recorded_noisy_news,audio/recorded/noisy/What's up with Trump these days?_Traffic & Wind_-5.wav,What's up with Trump these days?,what's up with trump these days,1971.5
deepgram,280,recorded_noisy_news,audio/recorded/noisy/What's up with Trump these days?_Traffic & Wind_0.wav,What's up with Trump these days?,what's up with trump these days,1845.9
deepgram,281,recorded_noisy_news,audio/recorded/noisy/What's up with Trump these days?_Traffic & Wind_10.wav,What's up with Trump these days?,what's up with trump these days,2038.1
deepgram,282,recorded_noisy_news,audio/recorded/noisy/What's up with Trump these days?_Traffic & Wind_5.wav,What's up with Trump these days?,what's up with trump these days,2176.3
deepgram,283,recorded_noisy_ecommerce,audio/recorded/noisy/show me some adidas running shoes_Claps & Cheers_-5.wav,show me some adidas running shoes,show me some teddy bears and onion shoes,2114.5
deepgram,284,recorded_noisy_ecommerce,audio/recorded/noisy/show me some adidas running shoes_Claps & Cheers_0.wav,show me some adidas running shoes,show me some teddy bears and running shoes,2182.1
deepgram,285,recorded_noisy_ecommerce,audio/recorded/noisy/show me some adidas running shoes_Claps & Cheers_10.wav,show me some adidas running shoes,show me some tedious running shoes,1998.5
deepgram,286,recorded_noisy_ecommerce,audio/recorded/noisy/show me some adidas running shoes_Claps & Cheers_5.wav,show me some adidas running shoes,show me some tedious running shoes,2081.0
deepgram,287,recorded_noisy_ecommerce,audio/recorded/noisy/show me some adidas running shoes_Retail Ambient Noise_-5.wav,show me some adidas running shoes,show me some thirty dollars of,2117.8
deepgram,288,recorded_noisy_ecommerce,audio/recorded/noisy/show me some adidas running shoes_Retail Ambient Noise_0.wav,show me some adidas running shoes,show me some running shoes,2250.5
deepgram,289,recorded_noisy_ecommerce,audio/recorded/noisy/show me some adidas running shoes_Retail Ambient Noise_10.wav,show me some adidas running shoes,show me some adidas running shoes,2051.2
deepgram,290,recorded_noisy_ecommerce,audio/recorded/noisy/show me some adidas running shoes_Retail Ambient Noise_5.wav,show me some adidas running shoes,show me some running shoes,2155.5
deepgram,291,recorded_noisy_ecommerce,audio/recorded/noisy/show me some adidas running shoes_Traffic & Wind_-5.wav,show me some adidas running shoes,show me some pedidas running shoes,2091.2
deepgram,292,recorded_noisy_ecommerce,audio/recorded/noisy/show me some adidas running shoes_Traffic & Wind_0.wav,show me some adidas running shoes,show me some adidas running shoes,3626.7
deepgram,293,recorded_noisy_ecommerce,audio/recorded/noisy/show me some adidas running shoes_Traffic & Wind_10.wav,show me some adidas running shoes,show me some adidas running shoes,2262.4
deepgram,294,recorded_noisy_ecommerce,audio/recorded/noisy/show me some adidas running shoes_Traffic & Wind_5.wav,show me some adidas running shoes,show me some adidas running shoes,2053.5
elevenlabs,0,slurp_news,audio/open_source/what is the exchange rate of us dollar to pound sterling.wav,what is the exchange rate of us dollar to pound sterling,What is the exchange rate of US dollar to pound sterling?,1040.6
elevenlabs,1,slurp_news,audio/open_source/what is the exchange rate of us dollar to pound sterling 2.wav,what is the exchange rate of us dollar to pound sterling,What is the exchange rate of US dollar to pound sterling?,1002.8
elevenlabs,2,slurp_news,audio/open_source/find me info on cars.wav,find me info on cars,Find me info on cars,1301.2
elevenlabs,3,slurp_news,audio/open_source/find me info on cars 2.wav,find me info on cars,Are you eating any form of carbs?,1825.5
elevenlabs,4,slurp_news,audio/open_source/find me info on cars 3.wav,find me info on cars,Find me in phone calls,1118.5
elevenlabs,5,slurp_news,audio/open_source/find me info on cars 4.wav,find me info on cars,Find me in phone calls,1453.7
elevenlabs,6,slurp_news,audio/open_source/get me the popular news from bbc.wav,get me the popular news from bbc,Get me the popular news from BBC,1429.7
elevenlabs,7,slurp_news,audio/open_source/get me the popular news from bbc 2.wav,get me the popular news from bbc,Get me the popular news from BBC,975.2
elevenlabs,8,slurp_news,audio/open_source/set notification from world news.wav,set notification from world news,Set notification from World News.,1264.6
elevenlabs,9,slurp_news,audio/open_source/set notification from world news 2.wav,set notification from world news,Sent a notification from World News,1086.1
elevenlabs,10,slurp_news,audio/open_source/i want to hear the last news from cnn.wav,i want to hear the last news from cnn,I want to hear the last news from CNN,956.0
elevenlabs,11,slurp_news,audio/open_source/i want to hear the last news from cnn 2.wav,i want to hear the last news from cnn,I want to hear the last news from CNN,965.5
elevenlabs,12,slurp_news,audio/open_source/i want to hear the last news from cnn 3.wav,i want to hear the last news from cnn,I want to hear the last news from CNN,1347.3
elevenlabs,13,slurp_news,audio/open_source/i want to hear the last news from cnn 4.wav,i want to hear the last news from cnn,I want to hear the last news from CNN,1179.4
elevenlabs,14,slurp_news,audio/open_source/i want to know everything that breaks about the dam breaking in california.wav,i want to know everything that breaks about the dam breaking in california,I want to know everything that breaks about the dam breaking in California,1077.8
elevenlabs,15,slurp_news,audio/open_source/show me news about the environment.wav,show me news about the environment,Show me news about the environment,1253.7
elevenlabs,16,slurp_news,audio/open_source/show me news about the environment 2.wav,show me news about the environment,Show me news about the environment,1030.1
elevenlabs,17,slurp_news,audio/open_source/tell me about the new foreign policy of trump.wav,tell me about the new foreign policy of trump,Tell me about the new foreign policy of Trump,957.6
elevenlabs,18,slurp_news,audio/open_source/tell me about the new foreign policy of trump 2.wav,tell me about the new foreign policy of trump,Tell me about the new foreign policy of Trump,1134.7
elevenlabs,19,slurp_news,audio/open_source/here's the truth about meals on wheels in someone's budget.wav,here's the truth about meals on wheels in someone's budget,Here's the truth about Meals on Wheels and someone's budget,1154.0
elevenlabs,20,slurp_news,audio/open_source/here's the truth about meals on wheels in someone's budget 2.wav,here's the truth about meals on wheels in someone's budget,Here's the truth about Meals on Wheels and someone's budget,1366.6
elevenlabs,21,slurp_news,audio/open_source/here's the truth about meals on wheels in someone's budget 3.wav,here's the truth about meals on wheels in someone's budget,Here's the truth about Meals on Wheels and someone's budget,1103.3
elevenlabs,22,slurp_news,audio/open_source/here's the truth about meals on wheels in someone's budget 4.wav,here's the truth about meals on wheels in someone's budget,Here's the truth about meals on wheels in Simon's budget,1301.3
elevenlabs,23,slurp_news,audio/open_source/here's the truth about meals on wheels in someone's budget 5.wav,here's the truth about meals on wheels in someone's budget,Here's the truth about Meals on Wheels and someone's budget,1046.0
elevenlabs,24,slurp_news,audio/open_source/what's happening around the world.wav,what's happening around the world,What's happening around the world?,1775.3
elevenlabs,25,slurp_news,audio/open_source/what's happening around the world 2.wav,what's happening around the world,What's happening around the world?,1011.8
elevenlabs,26,slurp_news,audio/open_source/what's happening around the world 3.wav,what's happening around the world,happening around the world,1190.2
elevenlabs,27,slurp_news,audio/open_source/what's happening around the world 4.wav,what's happening around the world,What's happening around the world?,1164.5
elevenlabs,28,slurp_news,audio/open_source/what's happening around the world 5.wav,what's happening around the world,What's happening around the world?,1203.5
elevenlabs,29,slurp_news,audio/open_source/what's happening around the world 6.wav,what's happening around the world,What's happening around the world,943.8
elevenlabs,30,slurp_news,audio/open_source/what's sensational in time of india.wav,what's sensational in time of india,What sensation in time of in-,1090.9
elevenlabs,31,slurp_news,audio/open_source/what's sensational in time of india 2.wav,what's sensational in time of india,What sensation in terms of,1497.6
elevenlabs,32,slurp_news,audio/open_source/what's sensational in time of india 3.wav,what's sensational in time of india,What's sensational in time of India?,1125.8
elevenlabs,33,slurp_news,audio/open_source/what's sensational in time of india 4.wav,what's sensational in time of india,was sensational in time of India,1434.0
elevenlabs,34,slurp_news,audio/open_source/what's sensational in time of india 5.wav,what's sensational in time of india,What's sensational in Time of India?,937.1
elevenlabs,35,slurp_news,audio/open_source/what's sensational in time of india 6.wav,what's sensational in time of india,What's sensational in Thai with India?,1332.5
elevenlabs,36,slurp_news,audio/open_source/tell me some business news.wav,tell me some business news,Tell me something that's amused,1346.8
elevenlabs,37,slurp_news,audio/open_source/tell me some business news 2.wav,tell me some business news,Tell me something is news,1081.7
elevenlabs,38,slurp_news,audio/open_source/tell me some business news 3.wav,tell me some business news,Tell me some business news,982.1
elevenlabs,39,slurp_news,audio/open_source/tell me some business news 4.wav,tell me some business news,Tell me some business news,1013.5
elevenlabs,40,slurp_news,audio/open_source/tell me some business news 5.wav,tell me some business news,Tell me some business news,1089.2
elevenlabs,41,slurp_news,audio/open_source/tell me some business news 6.wav,tell me some business news,Tell me some business news,884.8
elevenlabs,42,slurp_news,audio/open_source/tell me some business news 7.wav,tell me some business news,Tell me some business news,1074.2
elevenlabs,43,slurp_news,audio/open_source/keep me informed about bitcoin price.wav,keep me informed about bitcoin price,Keep me informed about Bitcoin price,1168.0
elevenlabs,44,slurp_news,audio/open_source/keep me informed about bitcoin price 2.wav,keep me informed about bitcoin price,Keep me informed about Bitcoin price,1388.4
elevenlabs,45,slurp_news,audio/open_source/keep me informed about bitcoin price 3.wav,keep me informed about bitcoin price,Keep me informed about Bitcoin price,1135.9
elevenlabs,46,slurp_news,audio/open_source/keep me informed about bitcoin price 4.wav,keep me informed about bitcoin price,Keep me informed about Bitcoin price,1448.3
elevenlabs,47,slurp_news,audio/open_source/keep me informed about bitcoin price 5.wav,keep me informed about bitcoin price,Keep me informed a-about Bitcoin price,1402.8
elevenlabs,48,slurp_news,audio/open_source/keep me informed about bitcoin price 6.wav,keep me informed about bitcoin price,Can you inform about Bitcoin price?,1450.7
elevenlabs,49,slurp_news,audio/open_source/what's the latest news on cnn.wav,what's the latest news on cnn,What's the latest news on CNN?,1073.5
elevenlabs,50,slurp_ecommerce,audio/open_source/take out the milk from the shopping list.wav,take out the milk from the shopping list,Take out the milk from the shopping list,1670.9
elevenlabs,51,slurp_ecommerce,audio/open_source/take out the milk from the shopping list 2.wav,take out the milk from the shopping list,Take out the milk from the shopping list,906.1
elevenlabs,52,slurp_ecommerce,audio/open_source/say the list.wav,say the list,Save the list,4091.7
elevenlabs,53,slurp_ecommerce,audio/open_source/say the list 2.wav,say the list,Say the list,969.1
elevenlabs,54,slurp_ecommerce,audio/open_source/say the list 3.wav,say the list,Say the least,1038.0
elevenlabs,55,slurp_ecommerce,audio/open_source/i have my clothes list.wav,i have my clothes list,I have my clothes list,1125.2
elevenlabs,56,slurp_ecommerce,audio/open_source/i have my clothes list 2.wav,i have my clothes list,I have my clothes list,970.6
elevenlabs,57,slurp_ecommerce,audio/open_source/what items are on my shopping list.wav,what items are on my shopping list,What items are on my shopping list?,1431.6
elevenlabs,58,slurp_ecommerce,audio/open_source/what items are on my shopping list 2.wav,what items are on my shopping list,What items are on my shopping list?,976.6
elevenlabs,59,slurp_ecommerce,audio/open_source/remind me of how many lists i have.wav,remind me of how many lists i have,Remind me of how many lists I have,885.4
elevenlabs,60,slurp_ecommerce,audio/open_source/remind me of how many lists i have 2.wav,remind me of how many lists i have,Remind me of how many lists I have,1295.1
elevenlabs,61,slurp_ecommerce,audio/open_source/remind me of how many lists i have 3.wav,remind me of how many lists i have,Remind me of how many lists I have,1128.2
elevenlabs,62,slurp_ecommerce,audio/open_source/remind me of how many lists i have 4.wav,remind me of how many lists i have,Remind me of how many lists I have,1181.9
elevenlabs,63,slurp_ecommerce,audio/open_source/add business contacts to contact list.wav,add business contacts to contact list,Add business contacts to contact list,864.9
elevenlabs,64,slurp_ecommerce,audio/open_source/add business contacts to contact list 2.wav,add business contacts to contact list,Add business contacts to contact list,1274.4
elevenlabs,65,slurp_ecommerce,audio/open_source/please find all name start with alphabetic of a and create a list.wav,please find all name start with alphabetic of a and create a list,"Please find all the name starts with alphabet, alphabetical and create a list.",1759.2
elevenlabs,66,slurp_ecommerce,audio/open_source/delete item.wav,delete item,Delete item,915.6
elevenlabs,67,slurp_ecommerce,audio/open_source/delete item 2.wav,delete item,The V item,1169.8
elevenlabs,68,slurp_ecommerce,audio/open_source/delete item 3.wav,delete item,Delete item,1161.8
elevenlabs,69,slurp_ecommerce,audio/open_source/delete item 4.wav,delete item,Delete items,990.6
elevenlabs,70,slurp_ecommerce,audio/open_source/delete item 5.wav,delete item,Delete item,1324.0
elevenlabs,71,slurp_ecommerce,audio/open_source/delete item 6.wav,delete item,Delete item,1296.0
elevenlabs,72,slurp_ecommerce,audio/open_source/delete item 7.wav,delete item,Delete item,1028.4
elevenlabs,73,slurp_ecommerce,audio/open_source/delete item 8.wav,delete item,Delete item,935.2
elevenlabs,74,slurp_ecommerce,audio/open_source/delete item 9.wav,delete item,Delete item,1127.3
elevenlabs,75,slurp_ecommerce,audio/open_source/delete item 10.wav,delete item,That is on time. Deleted item,1227.9
elevenlabs,76,slurp_ecommerce,audio/open_source/delete item 11.wav,delete item,Delete item,1001.4
elevenlabs,77,slurp_ecommerce,audio/open_source/delete item 12.wav,delete item,Delete item,1008.5
elevenlabs,78,slurp_ecommerce,audio/open_source/delete item 13.wav,delete item,Delete item,1145.7
elevenlabs,79,slurp_ecommerce,audio/open_source/delete item 14.wav,delete item,Delete item,1480.1
elevenlabs,80,slurp_ecommerce,audio/open_source/delete item 15.wav,delete item,Delete item,1221.5
elevenlabs,81,slurp_ecommerce,audio/open_source/delete item 16.wav,delete item,Delete item,1200.7
elevenlabs,82,slurp_ecommerce,audio/open_source/delete item 17.wav,delete item,Elite item,1207.9
elevenlabs,83,slurp_ecommerce,audio/open_source/delete item 18.wav,delete item,"David, I do",1282.5
elevenlabs,84,slurp_ecommerce,audio/open_source/delete item 19.wav,delete item,Delete item,1258.8
elevenlabs,85,slurp_ecommerce,audio/open_source/delete item 20.wav,delete item,Delete item,874.6
elevenlabs,86,slurp_ecommerce,audio/open_source/delete item 21.wav,delete item,Delete the item,1127.0
elevenlabs,87,slurp_ecommerce,audio/open_source/delete item 22.wav,delete item,Delete the item,1127.2
elevenlabs,88,slurp_ecommerce,audio/open_source/add detergent to the list of things i need to buy.wav,add detergent to the list of things i need to buy,Add detergent to the list of things I need to buy.,1466.6
elevenlabs,89,slurp_ecommerce,audio/open_source/add detergent to the list of things i need to buy 2.wav,add detergent to the list of things i need to buy,Add detergent to the list of things I need to buy,1399.7
elevenlabs,90,slurp_ecommerce,audio/open_source/add detergent to the list of things i need to buy 3.wav,add detergent to the list of things i need to buy,I just added it to the list of things I need to buy,1234.0
elevenlabs,91,slurp_ecommerce,audio/open_source/olly clear the list.wav,olly clear the list,"Ollie, clear the list",1289.4
elevenlabs,92,slurp_ecommerce,audio/open_source/olly does shibaru sushi deliver.wav,olly does shibaru sushi deliver,O le da ṣíbá rú ṣo ṣe deliver,1641.8
elevenlabs,93,slurp_ecommerce,audio/open_source/olly does shibaru sushi deliver 2.wav,olly does shibaru sushi deliver,"Ollie, does Shibari Sushi deliver?",1084.6
elevenlabs,94,slurp_ecommerce,audio/open_source/olly does shibaru sushi deliver 3.wav,olly does shibaru sushi deliver,"Ollie, does Shibaru Sushi deliver?",1672.3
elevenlabs,95,slurp_ecommerce,audio/open_source/olly does shibaru sushi deliver 4.wav,olly does shibaru sushi deliver,"Ollie, does Shibaru Sushi deliver?",1337.0
elevenlabs,96,slurp_ecommerce,audio/open_source/olly does shibaru sushi deliver 5.wav,olly does shibaru sushi deliver,"Ollie, does Shibaru Sushi deliver?",1533.7
elevenlabs,97,slurp_ecommerce,audio/open_source/add this to the list.wav,add this to the list,I best do this,1485.8
elevenlabs,98,slurp_ecommerce,audio/open_source/is the last order is ready.wav,is the last order is ready,Is the last order is ready?,1117.0
elevenlabs,99,slurp_ecommerce,audio/open_source/is the last order is ready 2.wav,is the last order is ready,Is the last order is ready?,1696.1
elevenlabs,100,recorded_clean_news,audio/recorded/clean/Any recent news about NASA?.wav,Any recent news about NASA?,Any recent news about NASA?,2102.2
elevenlabs,101,recorded_clean_ecommerce,audio/recorded/clean/Find me some shoes similar to Elon Musk.wav,Find me some shoes similar to Elon Musk,Find me some shoes similar to Elon Musk.,1272.3
elevenlabs,102,recorded_clean_ecommerce,audio/recorded/clean/Get me some Nike shoes from Amazon.wav,Get me some Nike shoes from Amazon,Get me some Nike shoes from Amazon,1608.1
elevenlabs,103,recorded_clean_news,audio/recorded/clean/Give me news about Trump at UN.wav,Give me news about Trump at UN,Give me news about Trump at UN,1261.1
elevenlabs,104,recorded_clean_ecommerce,audio/recorded/clean/Looking for some good office chair.wav,Looking for some good office chair,Looking for some good office chair?,1398.9
elevenlabs,105,recorded_clean_news,audio/recorded/clean/Show me some news about Trump.wav,Show me some news about Trump,Show me some news about Trump,1285.4
elevenlabs,106,recorded_clean_ecommerce,audio/recorded/clean/Show me some t-shirts from Amazon.com.wav,Show me some t-shirts from Amazon.com,Show me some T-shirts from amazon.com,1682.4
elevenlabs,107,recorded_clean_ecommerce,audio/recorded/clean/Show me some wireless headphones from eBay.wav,Show me some wireless headphones from eBay,Show me some wireless headphones from eBay,1425.6
elevenlabs,108,recorded_clean_news,audio/recorded/clean/Tell me some latest news about Barack Obama.wav,Tell me some latest news about Barack Obama,Tell me some latest news about Barack Obama,1590.0
elevenlabs,109,recorded_clean_news,audio/recorded/clean/Trump news.wav,Trump news,Trump news,1334.5
elevenlabs,110,recorded_clean_news,audio/recorded/clean/Well tell me some news about Tom Cruise.wav,Well tell me some news about Tom Cruise,"Well, tell me some news about Tom Cruise",1387.6
elevenlabs,111,recorded_clean_news,audio/recorded/clean/What's happening at Washington DC these days?.wav,What's happening at Washington DC these days?,"What's happening at Washington, DC these days?",2164.9
elevenlabs,112,recorded_clean_news,audio/recorded/clean/What's the news about Apple's new iPhone?.wav,What's the news about Apple's new iPhone?,What's the news about Apple's new iPhone?,1501.1
elevenlabs,113,recorded_clean_news,audio/recorded/clean/What's up with Trump these days?.wav,What's up with Trump these days?,What's up with Trump these days?,1238.0
elevenlabs,114,recorded_clean_ecommerce,audio/recorded/clean/show me some adidas running shoes.wav,show me some adidas running shoes,Show me some Adidas running shoes,1760.6
elevenlabs,115,recorded_noisy_news,audio/recorded/noisy/Any recent news about NASA?_Claps & Cheers_-5.wav,Any recent news about NASA?,Any recent news about NASA?,1230.0
elevenlabs,116,recorded_noisy_news,audio/recorded/noisy/Any recent news about NASA?_Claps & Cheers_0.wav,Any recent news about NASA?,Any recent news about NASA?,1439.6
elevenlabs,117,recorded_noisy_news,audio/recorded/noisy/Any recent news about NASA?_Claps & Cheers_10.wav,Any recent news about NASA?,Any recent news about NASA?,1176.7
elevenlabs,118,recorded_noisy_news,audio/recorded/noisy/Any recent news about NASA?_Claps & Cheers_5.wav,Any recent news about NASA?,Any recent news about NASA?,1069.5
elevenlabs,119,recorded_noisy_news,audio/recorded/noisy/Any recent news about NASA?_Retail Ambient Noise_-5.wav,Any recent news about NASA?,Any recent news about NASA?,1610.7
elevenlabs,120,recorded_noisy_news,audio/recorded/noisy/Any recent news about NASA?_Retail Ambient Noise_0.wav,Any recent news about NASA?,Any recent news about NASA?,1343.7
elevenlabs,121,recorded_noisy_news,audio/recorded/noisy/Any recent news about NASA?_Retail Ambient Noise_10.wav,Any recent news about NASA?,Any recent news about NASA?,1559.8
elevenlabs,122,recorded_noisy_news,audio/recorded/noisy/Any recent news about NASA?_Retail Ambient Noise_5.wav,Any recent news about NASA?,Any recent news about NASA?,1227.6
elevenlabs,123,recorded_noisy_news,audio/recorded/noisy/Any recent news about NASA?_Traffic & Wind_-5.wav,Any recent news about NASA?,Any recent news about NASA?,1329.5
elevenlabs,124,recorded_noisy_news,audio/recorded/noisy/Any recent news about NASA?_Traffic & Wind_0.wav,Any recent news about NASA?,Any recent news about NASA?,1586.9
elevenlabs,125,recorded_noisy_news,audio/recorded/noisy/Any recent news about NASA?_Traffic & Wind_10.wav,Any recent news about NASA?,Any recent news about NASA?,1403.3
elevenlabs,126,recorded_noisy_news,audio/recorded/noisy/Any recent news about NASA?_Traffic & Wind_5.wav,Any recent news about NASA?,Any recent news about NASA?,1220.0
elevenlabs,127,recorded_noisy_ecommerce,audio/recorded/noisy/Find me some shoes similar to Elon Musk_Claps & Cheers_-5.wav,Find me some shoes similar to Elon Musk,Trying to make some shoes similar to Elon Musk,1846.1
elevenlabs,128,recorded_noisy_ecommerce,audio/recorded/noisy/Find me some shoes similar to Elon Musk_Claps & Cheers_0.wav,Find me some shoes similar to Elon Musk,Find me some shoe similar to Elon Musk,1377.3
elevenlabs,129,recorded_noisy_ecommerce,audio/recorded/noisy/Find me some shoes similar to Elon Musk_Claps & Cheers_10.wav,Find me some shoes similar to Elon Musk,Find me some shoes similar to Elon Musk,1254.5
elevenlabs,130,recorded_noisy_ecommerce,audio/recorded/noisy/Find me some shoes similar to Elon Musk_Claps & Cheers_5.wav,Find me some shoes similar to Elon Musk,Find me some shoes similar to Elon Musk,1433.4
elevenlabs,131,recorded_noisy_ecommerce,audio/recorded/noisy/Find me some shoes similar to Elon Musk_Retail Ambient Noise_-5.wav,Find me some shoes similar to Elon Musk,Might have some shocks similar to Elon Musk,1631.8
elevenlabs,132,recorded_noisy_ecommerce,audio/recorded/noisy/Find me some shoes similar to Elon Musk_Retail Ambient Noise_0.wav,Find me some shoes similar to Elon Musk,Man with some strong similar to Elon Musk,1568.4
elevenlabs,133,recorded_noisy_ecommerce,audio/recorded/noisy/Find me some shoes similar to Elon Musk_Retail Ambient Noise_10.wav,Find me some shoes similar to Elon Musk,Find me some shoes similar to Elon Musk,1297.9
elevenlabs,134,recorded_noisy_ecommerce,audio/recorded/noisy/Find me some shoes similar to Elon Musk_Retail Ambient Noise_5.wav,Find me some shoes similar to Elon Musk,Find me some show similar to Elon Musk,1250.0
elevenlabs,135,recorded_noisy_ecommerce,audio/recorded/noisy/Find me some shoes similar to Elon Musk_Traffic & Wind_-5.wav,Find me some shoes similar to Elon Musk,Find me some show similar to Elon Musk,1528.6
elevenlabs,136,recorded_noisy_ecommerce,audio/recorded/noisy/Find me some shoes similar to Elon Musk_Traffic & Wind_0.wav,Find me some shoes similar to Elon Musk,Find me someone similar to Elon Musk,1975.3
elevenlabs,137,recorded_noisy_ecommerce,audio/recorded/noisy/Find me some shoes similar to Elon Musk_Traffic & Wind_10.wav,Find me some shoes similar to Elon Musk,Find me some shoes similar to Elon Musk.,1813.5
elevenlabs,138,recorded_noisy_ecommerce,audio/recorded/noisy/Find me some shoes similar to Elon Musk_Traffic & Wind_5.wav,Find me some shoes similar to Elon Musk,Find me someone similar to Elon Musk,1132.9
elevenlabs,139,recorded_noisy_ecommerce,audio/recorded/noisy/Get me some Nike shoes from Amazon_Claps & Cheers_-5.wav,Get me some Nike shoes from Amazon,Get me some nitrogen from Amazon,1371.5
elevenlabs,140,recorded_noisy_ecommerce,audio/recorded/noisy/Get me some Nike shoes from Amazon_Claps & Cheers_0.wav,Get me some Nike shoes from Amazon,Get me some Nike shoes from Amazon,1419.4
elevenlabs,141,recorded_noisy_ecommerce,audio/recorded/noisy/Get me some Nike shoes from Amazon_Claps & Cheers_10.wav,Get me some Nike shoes from Amazon,Get me some Nike shoes from Amazon,1182.5
elevenlabs,142,recorded_noisy_ecommerce,audio/recorded/noisy/Get me some Nike shoes from Amazon_Claps & Cheers_5.wav,Get me some Nike shoes from Amazon,Get me some Nike shoes from Amazon,2054.4
elevenlabs,143,recorded_noisy_ecommerce,audio/recorded/noisy/Get me some Nike shoes from Amazon_Retail Ambient Noise_-5.wav,Get me some Nike shoes from Amazon,Get me some night tables from Amazon,1391.5
elevenlabs,144,recorded_noisy_ecommerce,audio/recorded/noisy/Get me some Nike shoes from Amazon_Retail Ambient Noise_0.wav,Get me some Nike shoes from Amazon,Get me some Nike shoes from Amazon,1626.5
elevenlabs,145,recorded_noisy_ecommerce,audio/recorded/noisy/Get me some Nike shoes from Amazon_Retail Ambient Noise_10.wav,Get me some Nike shoes from Amazon,Get me some Nike shoes from Amazon,1090.8
elevenlabs,146,recorded_noisy_ecommerce,audio/recorded/noisy/Get me some Nike shoes from Amazon_Retail Ambient Noise_5.wav,Get me some Nike shoes from Amazon,Get me some Nike shoes from Amazon,1517.0
elevenlabs,147,recorded_noisy_ecommerce,audio/recorded/noisy/Get me some Nike shoes from Amazon_Traffic & Wind_-5.wav,Get me some Nike shoes from Amazon,Get me some Nike shoes from Amazon,1595.8
elevenlabs,148,recorded_noisy_ecommerce,audio/recorded/noisy/Get me some Nike shoes from Amazon_Traffic & Wind_0.wav,Get me some Nike shoes from Amazon,Get me some Nike shoes from Amazon,957.4
elevenlabs,149,recorded_noisy_ecommerce,audio/recorded/noisy/Get me some Nike shoes from Amazon_Traffic & Wind_10.wav,Get me some Nike shoes from Amazon,Get me some Nike shoes from Amazon,1515.0
elevenlabs,150,recorded_noisy_ecommerce,audio/recorded/noisy/Get me some Nike shoes from Amazon_Traffic & Wind_5.wav,Get me some Nike shoes from Amazon,Get me some Nike shoes from Amazon,1201.7
elevenlabs,151,recorded_noisy_news,audio/recorded/noisy/Give me news about Trump at UN_Claps & Cheers_-5.wav,Give me news about Trump at UN,Give me news about Trump at UN,2362.2
elevenlabs,152,recorded_noisy_news,audio/recorded/noisy/Give me news about Trump at UN_Claps & Cheers_0.wav,Give me news about Trump at UN,Give me news about Trump at UN,948.7
elevenlabs,153,recorded_noisy_news,audio/recorded/noisy/Give me news about Trump at UN_Claps & Cheers_10.wav,Give me news about Trump at UN,Give me news about Trump at UN,1660.2
elevenlabs,154,recorded_noisy_news,audio/recorded/noisy/Give me news about Trump at UN_Claps & Cheers_5.wav,Give me news about Trump at UN,Give me news about Trump at UN,1488.4
elevenlabs,155,recorded_noisy_news,audio/recorded/noisy/Give me news about Trump at UN_Retail Ambient Noise_-5.wav,Give me news about Trump at UN,Give me news about the Rock FM,1226.7
elevenlabs,156,recorded_noisy_news,audio/recorded/noisy/Give me news about Trump at UN_Retail Ambient Noise_0.wav,Give me news about Trump at UN,Give me news about Trump at UN,1097.7
elevenlabs,157,recorded_noisy_news,audio/recorded/noisy/Give me news about Trump at UN_Retail Ambient Noise_10.wav,Give me news about Trump at UN,Give me news about Trump at UN,1498.6
elevenlabs,158,recorded_noisy_news,audio/recorded/noisy/Give me news about Trump at UN_Retail Ambient Noise_5.wav,Give me news about Trump at UN,Give me news about Trump at UN,1436.9
elevenlabs,159,recorded_noisy_news,audio/recorded/noisy/Give me news about Trump at UN_Traffic & Wind_-5.wav,Give me news about Trump at UN,Give me news about Trump at UN,1134.7
elevenlabs,160,recorded_noisy_news,audio/recorded/noisy/Give me news about Trump at UN_Traffic & Wind_0.wav,Give me news about Trump at UN,Give me news about Trump at UN,1562.4
elevenlabs,161,recorded_noisy_news,audio/recorded/noisy/Give me news about Trump at UN_Traffic & Wind_10.wav,Give me news about Trump at UN,Give me news about Trump at UN,1524.3
elevenlabs,162,recorded_noisy_news,audio/recorded/noisy/Give me news about Trump at UN_Traffic & Wind_5.wav,Give me news about Trump at UN,Give me news about Trump at UN,1788.4
elevenlabs,163,recorded_noisy_ecommerce,audio/recorded/noisy/Looking for some good office chair_Claps & Cheers_-5.wav,Looking for some good office chair,Looking for some good office chair?,1395.5
elevenlabs,164,recorded_noisy_ecommerce,audio/recorded/noisy/Looking for some good office chair_Claps & Cheers_0.wav,Looking for some good office chair,Looking for some good office chair?,1493.8
elevenlabs,165,recorded_noisy_ecommerce,audio/recorded/noisy/Looking for some good office chair_Claps & Cheers_10.wav,Looking for some good office chair,Looking for some good office chair?,1346.4
elevenlabs,166,recorded_noisy_ecommerce,audio/recorded/noisy/Looking for some good office chair_Claps & Cheers_5.wav,Looking for some good office chair,Looking for some good office chair?,1202.8
elevenlabs,167,recorded_noisy_ecommerce,audio/recorded/noisy/Looking for some good office chair_Retail Ambient Noise_-5.wav,Looking for some good office chair,Looking for some product this year,1984.8
elevenlabs,168,recorded_noisy_ecommerce,audio/recorded/noisy/Looking for some good office chair_Retail Ambient Noise_0.wav,Looking for some good office chair,Looking for some good offers here,2454.2
elevenlabs,169,recorded_noisy_ecommerce,audio/recorded/noisy/Looking for some good office chair_Retail Ambient Noise_10.wav,Looking for some good office chair,Looking for some good office chair?,1280.1
elevenlabs,170,recorded_noisy_ecommerce,audio/recorded/noisy/Looking for some good office chair_Retail Ambient Noise_5.wav,Looking for some good office chair,Looking for some good office chair?,1602.5
elevenlabs,171,recorded_noisy_ecommerce,audio/recorded/noisy/Looking for some good office chair_Traffic & Wind_-5.wav,Looking for some good office chair,Looking for some good office chair?,1853.9
elevenlabs,172,recorded_noisy_ecommerce,audio/recorded/noisy/Looking for some good office chair_Traffic & Wind_0.wav,Looking for some good office chair,Looking for some good office chair?,1173.1
elevenlabs,173,recorded_noisy_ecommerce,audio/recorded/noisy/Looking for some good office chair_Traffic & Wind_10.wav,Looking for some good office chair,Looking for some good office chair?,1495.4
elevenlabs,174,recorded_noisy_ecommerce,audio/recorded/noisy/Looking for some good office chair_Traffic & Wind_5.wav,Looking for some good office chair,Looking for some good office chair?,1576.1
elevenlabs,175,recorded_noisy_news,audio/recorded/noisy/Show me some news about Trump_Claps & Cheers_-5.wav,Show me some news about Trump,Show me some news about Trump,1896.9
elevenlabs,176,recorded_noisy_news,audio/recorded/noisy/Show me some news about Trump_Claps & Cheers_0.wav,Show me some news about Trump,Show me some news about Trump,1704.6
elevenlabs,177,recorded_noisy_news,audio/recorded/noisy/Show me some news about Trump_Claps & Cheers_10.wav,Show me some news about Trump,Show me some news about Trump,3106.5
elevenlabs,178,recorded_noisy_news,audio/recorded/noisy/Show me some news about Trump_Claps & Cheers_5.wav,Show me some news about Trump,Show me some news about Trump,1027.0
elevenlabs,179,recorded_noisy_news,audio/recorded/noisy/Show me some news about Trump_Retail Ambient Noise_-5.wav,Show me some news about Trump,Should we simply use a motor?,1977.3
elevenlabs,180,recorded_noisy_news,audio/recorded/noisy/Show me some news about Trump_Retail Ambient Noise_0.wav,Show me some news about Trump,Show me some news about Trump,1396.2
elevenlabs,181,recorded_noisy_news,audio/recorded/noisy/Show me some news about Trump_Retail Ambient Noise_10.wav,Show me some news about Trump,Show me some news about Trump,1686.2
elevenlabs,182,recorded_noisy_news,audio/recorded/noisy/Show me some news about Trump_Retail Ambient Noise_5.wav,Show me some news about Trump,Show me some news about Trump,1441.7
elevenlabs,183,recorded_noisy_news,audio/recorded/noisy/Show me some news about Trump_Traffic & Wind_-5.wav,Show me some news about Trump,Show me some news about Trump,1543.5
elevenlabs,184,recorded_noisy_news,audio/recorded/noisy/Show me some news about Trump_Traffic & Wind_0.wav,Show me some news about Trump,Show me some news about Trump,1204.1
elevenlabs,185,recorded_noisy_news,audio/recorded/noisy/Show me some news about Trump_Traffic & Wind_10.wav,Show me some news about Trump,Show me some news about Trump,1953.5
elevenlabs,186,recorded_noisy_news,audio/recorded/noisy/Show me some news about Trump_Traffic & Wind_5.wav,Show me some news about Trump,Show me some news about Trump,1803.0
elevenlabs,187,recorded_noisy_ecommerce,audio/recorded/noisy/Show me some t-shirts from Amazon.com_Claps & Cheers_-5.wav,Show me some t-shirts from Amazon.com,Show me some T-shirts from amazon.com,1575.6
elevenlabs,188,recorded_noisy_ecommerce,audio/recorded/noisy/Show me some t-shirts from Amazon.com_Claps & Cheers_0.wav,Show me some t-shirts from Amazon.com,Show me some T-shirts from amazon.com,1149.1
elevenlabs,189,recorded_noisy_ecommerce,audio/recorded/noisy/Show me some t-shirts from Amazon.com_Claps & Cheers_10.wav,Show me some t-shirts from Amazon.com,Show me some T-shirts from amazon.com,1587.8
elevenlabs,190,recorded_noisy_ecommerce,audio/recorded/noisy/Show me some t-shirts from Amazon.com_Claps & Cheers_5.wav,Show me some t-shirts from Amazon.com,Show me some T-shirts from amazon.com,1128.5
elevenlabs,191,recorded_noisy_ecommerce,audio/recorded/noisy/Show me some t-shirts from Amazon.com_Retail Ambient Noise_-5.wav,Show me some t-shirts from Amazon.com,Show me circle T-shirts on Amazon.com,2047.5
elevenlabs,192,recorded_noisy_ecommerce,audio/recorded/noisy/Show me some t-shirts from Amazon.com_Retail Ambient Noise_0.wav,Show me some t-shirts from Amazon.com,Show me some t-shirts on amazon.com,1631.3
elevenlabs,193,recorded_noisy_ecommerce,audio/recorded/noisy/Show me some t-shirts from Amazon.com_Retail Ambient Noise_10.wav,Show me some t-shirts from Amazon.com,Show me some T-shirts from amazon.com,1620.5
elevenlabs,194,recorded_noisy_ecommerce,audio/recorded/noisy/Show me some t-shirts from Amazon.com_Retail Ambient Noise_5.wav,Show me some t-shirts from Amazon.com,Show me some T-shirts from amazon.com,1136.6
elevenlabs,195,recorded_noisy_ecommerce,audio/recorded/noisy/Show me some t-shirts from Amazon.com_Traffic & Wind_-5.wav,Show me some t-shirts from Amazon.com,Show me some T-shirts from amazon.com,1252.7
elevenlabs,196,recorded_noisy_ecommerce,audio/recorded/noisy/Show me some t-shirts from Amazon.com_Traffic & Wind_0.wav,Show me some t-shirts from Amazon.com,Show me some T-shirts from amazon.com,1728.4
elevenlabs,197,recorded_noisy_ecommerce,audio/recorded/noisy/Show me some t-shirts from Amazon.com_Traffic & Wind_10.wav,Show me some t-shirts from Amazon.com,Show me some T-shirts from amazon.com,1468.8
elevenlabs,198,recorded_noisy_ecommerce,audio/recorded/noisy/Show me some t-shirts from Amazon.com_Traffic & Wind_5.wav,Show me some t-shirts from Amazon.com,Show me some T-shirts from amazon.com,1651.6
elevenlabs,199,recorded_noisy_ecommerce,audio/recorded/noisy/Show me some wireless headphones from eBay_Claps & Cheers_-5.wav,Show me some wireless headphones from eBay,Show me some wireless headphones from eBay,1356.3
elevenlabs,200,recorded_noisy_ecommerce,audio/recorded/noisy/Show me some wireless headphones from eBay_Claps & Cheers_0.wav,Show me some wireless headphones from eBay,Show me some wireless headphones from eBay,1338.3
elevenlabs,201,recorded_noisy_ecommerce,audio/recorded/noisy/Show me some wireless headphones from eBay_Claps & Cheers_10.wav,Show me some wireless headphones from eBay,Show me some wireless headphones from eBay,1512.8
elevenlabs,202,recorded_noisy_ecommerce,audio/recorded/noisy/Show me some wireless headphones from eBay_Claps & Cheers_5.wav,Show me some wireless headphones from eBay,Show me some wireless headphones from eBay,1684.4
elevenlabs,203,recorded_noisy_ecommerce,audio/recorded/noisy/Show me some wireless headphones from eBay_Retail Ambient Noise_-5.wav,Show me some wireless headphones from eBay,Show me some products and also give me,1583.3
elevenlabs,204,recorded_noisy_ecommerce,audio/recorded/noisy/Show me some wireless headphones from eBay_Retail Ambient Noise_0.wav,Show me some wireless headphones from eBay,Show me some wireless headphones from eBay,1280.8
elevenlabs,205,recorded_noisy_ecommerce,audio/recorded/noisy/Show me some wireless headphones from eBay_Retail Ambient Noise_10.wav,Show me some wireless headphones from eBay,Show me some wireless headphones from eBay,1545.0
elevenlabs,206,recorded_noisy_ecommerce,audio/recorded/noisy/Show me some wireless headphones from eBay_Retail Ambient Noise_5.wav,Show me some wireless headphones from eBay,Show me some wireless headphones from eBay,1464.8
elevenlabs,207,recorded_noisy_ecommerce,audio/recorded/noisy/Show me some wireless headphones from eBay_Traffic & Wind_-5.wav,Show me some wireless headphones from eBay,Show me some wireless headphones from eBay,1234.6
elevenlabs,208,recorded_noisy_ecommerce,audio/recorded/noisy/Show me some wireless headphones from eBay_Traffic & Wind_0.wav,Show me some wireless headphones from eBay,Show me some wireless headphones from eBay,1397.5
elevenlabs,209,recorded_noisy_ecommerce,audio/recorded/noisy/Show me some wireless headphones from eBay_Traffic & Wind_10.wav,Show me some wireless headphones from eBay,Show me some wireless headphones from eBay,1163.5
elevenlabs,210,recorded_noisy_ecommerce,audio/recorded/noisy/Show me some wireless headphones from eBay_Traffic & Wind_5.wav,Show me some wireless headphones from eBay,Show me some wireless headphones from eBay,1140.4
elevenlabs,211,recorded_noisy_news,audio/recorded/noisy/Tell me some latest news about Barack Obama_Claps & Cheers_-5.wav,Tell me some latest news about Barack Obama,Tell me some latest news about Barack Obama,1868.6
elevenlabs,212,recorded_noisy_news,audio/recorded/noisy/Tell me some latest news about Barack Obama_Claps & Cheers_0.wav,Tell me some latest news about Barack Obama,Tell me some latest news about Barack Obama,1496.4
elevenlabs,213,recorded_noisy_news,audio/recorded/noisy/Tell me some latest news about Barack Obama_Claps & Cheers_10.wav,Tell me some latest news about Barack Obama,Tell me some latest news about Barack Obama,1255.0
elevenlabs,214,recorded_noisy_news,audio/recorded/noisy/Tell me some latest news about Barack Obama_Claps & Cheers_5.wav,Tell me some latest news about Barack Obama,Tell me some latest news about Barack Obama,1436.7
elevenlabs,215,recorded_noisy_news,audio/recorded/noisy/Tell me some latest news about Barack Obama_Retail Ambient Noise_-5.wav,Tell me some latest news about Barack Obama,"Tell me, Mr. Vesco, about the restaurant",2049.8
elevenlabs,216,recorded_noisy_news,audio/recorded/noisy/Tell me some latest news about Barack Obama_Retail Ambient Noise_0.wav,Tell me some latest news about Barack Obama,Tell me some latest news about Barack Obama,2000.8
elevenlabs,217,recorded_noisy_news,audio/recorded/noisy/Tell me some latest news about Barack Obama_Retail Ambient Noise_10.wav,Tell me some latest news about Barack Obama,Tell me some latest news about Barack Obama,1298.3
elevenlabs,218,recorded_noisy_news,audio/recorded/noisy/Tell me some latest news about Barack Obama_Retail Ambient Noise_5.wav,Tell me some latest news about Barack Obama,Tell me some latest news about Barack Obama,1442.7
elevenlabs,219,recorded_noisy_news,audio/recorded/noisy/Tell me some latest news about Barack Obama_Traffic & Wind_-5.wav,Tell me some latest news about Barack Obama,Tell me some latest news about Barack Obama,2037.3
elevenlabs,220,recorded_noisy_news,audio/recorded/noisy/Tell me some latest news about Barack Obama_Traffic & Wind_0.wav,Tell me some latest news about Barack Obama,Tell me some latest news about Barack Obama,1581.1
elevenlabs,221,recorded_noisy_news,audio/recorded/noisy/Tell me some latest news about Barack Obama_Traffic & Wind_10.wav,Tell me some latest news about Barack Obama,Tell me some latest news about Barack Obama,1196.2
elevenlabs,222,recorded_noisy_news,audio/recorded/noisy/Tell me some latest news about Barack Obama_Traffic & Wind_5.wav,Tell me some latest news about Barack Obama,Tell me some latest news about Barack Obama,1881.7
elevenlabs,223,recorded_noisy_news,audio/recorded/noisy/Trump news_Claps & Cheers_-5.wav,Trump news,Trump news,1174.5
elevenlabs,224,recorded_noisy_news,audio/recorded/noisy/Trump news_Claps & Cheers_0.wav,Trump news,Trump news,1269.0
elevenlabs,225,recorded_noisy_news,audio/recorded/noisy/Trump news_Claps & Cheers_10.wav,Trump news,Trump news,1416.5
elevenlabs,226,recorded_noisy_news,audio/recorded/noisy/Trump news_Claps & Cheers_5.wav,Trump news,Trump news,1227.3
elevenlabs,227,recorded_noisy_news,audio/recorded/noisy/Trump news_Retail Ambient Noise_-5.wav,Trump news,Trump news,1243.2
elevenlabs,228,recorded_noisy_news,audio/recorded/noisy/Trump news_Retail Ambient Noise_0.wav,Trump news,Trump news,1661.3
elevenlabs,229,recorded_noisy_news,audio/recorded/noisy/Trump news_Retail Ambient Noise_10.wav,Trump news,Trump news,1452.2
elevenlabs,230,recorded_noisy_news,audio/recorded/noisy/Trump news_Retail Ambient Noise_5.wav,Trump news,Trump news,1388.0
elevenlabs,231,recorded_noisy_news,audio/recorded/noisy/Trump news_Traffic & Wind_-5.wav,Trump news,Trump news,1039.7
elevenlabs,232,recorded_noisy_news,audio/recorded/noisy/Trump news_Traffic & Wind_0.wav,Trump news,Trump news,1382.1
elevenlabs,233,recorded_noisy_news,audio/recorded/noisy/Trump news_Traffic & Wind_10.wav,Trump news,Trump news,1174.2
elevenlabs,234,recorded_noisy_news,audio/recorded/noisy/Trump news_Traffic & Wind_5.wav,Trump news,Trump news,1043.7
elevenlabs,235,recorded_noisy_news,audio/recorded/noisy/Well tell me some news about Tom Cruise_Claps & Cheers_-5.wav,Well tell me some news about Tom Cruise,"Well, tell me some news about Tom Cruise",1059.4
elevenlabs,236,recorded_noisy_news,audio/recorded/noisy/Well tell me some news about Tom Cruise_Claps & Cheers_0.wav,Well tell me some news about Tom Cruise,"Well, tell me some news about Tom Cruise",1973.4
elevenlabs,237,recorded_noisy_news,audio/recorded/noisy/Well tell me some news about Tom Cruise_Claps & Cheers_10.wav,Well tell me some news about Tom Cruise,"Well, tell me some news about Tom Cruise",1755.5
elevenlabs,238,recorded_noisy_news,audio/recorded/noisy/Well tell me some news about Tom Cruise_Claps & Cheers_5.wav,Well tell me some news about Tom Cruise,"Well, tell me some news about Tom Cruise",1286.4
elevenlabs,239,recorded_noisy_news,audio/recorded/noisy/Well tell me some news about Tom Cruise_Retail Ambient Noise_-5.wav,Well tell me some news about Tom Cruise,Very dangerous,1241.0
elevenlabs,240,recorded_noisy_news,audio/recorded/noisy/Well tell me some news about Tom Cruise_Retail Ambient Noise_0.wav,Well tell me some news about Tom Cruise,Will you tell me some news about Trump please?,1610.5
elevenlabs,241,recorded_noisy_news,audio/recorded/noisy/Well tell me some news about Tom Cruise_Retail Ambient Noise_10.wav,Well tell me some news about Tom Cruise,"Well, tell me some news about Tom Cruise",1529.0
elevenlabs,242,recorded_noisy_news,audio/recorded/noisy/Well tell me some news about Tom Cruise_Retail Ambient Noise_5.wav,Well tell me some news about Tom Cruise,"Well, tell me some news about Tom Cruise",1302.7
elevenlabs,243,recorded_noisy_news,audio/recorded/noisy/Well tell me some news about Tom Cruise_Traffic & Wind_-5.wav,Well tell me some news about Tom Cruise,"Well, tell me some news about Tom Cruise",1514.4
elevenlabs,244,recorded_noisy_news,audio/recorded/noisy/Well tell me some news about Tom Cruise_Traffic & Wind_0.wav,Well tell me some news about Tom Cruise,"Well, tell me some news about Tom Cruise",1308.3
elevenlabs,245,recorded_noisy_news,audio/recorded/noisy/Well tell me some news about Tom Cruise_Traffic & Wind_10.wav,Well tell me some news about Tom Cruise,"Well, tell me some news about Tom Cruise",1432.9
elevenlabs,246,recorded_noisy_news,audio/recorded/noisy/Well tell me some news about Tom Cruise_Traffic & Wind_5.wav,Well tell me some news about Tom Cruise,"Well, tell me some news about Tom Cruise",1230.7
elevenlabs,247,recorded_noisy_news,audio/recorded/noisy/What's happening at Washington DC these days?_Claps & Cheers_-5.wav,What's happening at Washington DC these days?,"What's happening at Washington, DC these days?",1663.3
elevenlabs,248,recorded_noisy_news,audio/recorded/noisy/What's happening at Washington DC these days?_Claps & Cheers_0.wav,What's happening at Washington DC these days?,"What's happening at Washington, DC these days?",1457.2
elevenlabs,249,recorded_noisy_news,audio/recorded/noisy/What's happening at Washington DC these days?_Claps & Cheers_10.wav,What's happening at Washington DC these days?,"What's happening at Washington, DC these days?",1627.0
elevenlabs,250,recorded_noisy_news,audio/recorded/noisy/What's happening at Washington DC these days?_Claps & Cheers_5.wav,What's happening at Washington DC these days?,"What's happening at Washington, DC these days?",1592.4
elevenlabs,251,recorded_noisy_news,audio/recorded/noisy/What's happening at Washington DC these days?_Retail Ambient Noise_-5.wav,What's happening at Washington DC these days?,What's happening at Washington DC these days?,1271.6
elevenlabs,252,recorded_noisy_news,audio/recorded/noisy/What's happening at Washington DC these days?_Retail Ambient Noise_0.wav,What's happening at Washington DC these days?,"What's happening at Washington, DC these days?",1632.4
elevenlabs,253,recorded_noisy_news,audio/recorded/noisy/What's happening at Washington DC these days?_Retail Ambient Noise_10.wav,What's happening at Washington DC these days?,"What's happening at Washington, DC case studies?",2173.5
elevenlabs,254,recorded_noisy_news,audio/recorded/noisy/What's happening at Washington DC these days?_Retail Ambient Noise_5.wav,What's happening at Washington DC these days?,"What's happening at Washington, DC case studies?",1952.0
elevenlabs,255,recorded_noisy_news,audio/recorded/noisy/What's happening at Washington DC these days?_Traffic & Wind_-5.wav,What's happening at Washington DC these days?,"What's happening at Washington, DC these days?",1758.9
elevenlabs,256,recorded_noisy_news,audio/recorded/noisy/What's happening at Washington DC these days?_Traffic & Wind_0.wav,What's happening at Washington DC these days?,"What's happening at Washington, DC these days?",1742.6
elevenlabs,257,recorded_noisy_news,audio/recorded/noisy/What's happening at Washington DC these days?_Traffic & Wind_10.wav,What's happening at Washington DC these days?,"What's happening at Washington, DC these days?",1603.6
elevenlabs,258,recorded_noisy_news,audio/recorded/noisy/What's happening at Washington DC these days?_Traffic & Wind_5.wav,What's happening at Washington DC these days?,"What's happening at Washington, DC these days?",1391.3
elevenlabs,259,recorded_noisy_news,audio/recorded/noisy/What's the news about Apple's new iPhone?_Claps & Cheers_-5.wav,What's the news about Apple's new iPhone?,What's the news about the personal iPhone?,1237.0
elevenlabs,260,recorded_noisy_news,audio/recorded/noisy/What's the news about Apple's new iPhone?_Claps & Cheers_0.wav,What's the news about Apple's new iPhone?,What's the news about Apple's new iPhone?,2714.5
elevenlabs,261,recorded_noisy_news,audio/recorded/noisy/What's the news about Apple's new iPhone?_Claps & Cheers_10.wav,What's the news about Apple's new iPhone?,What's the news about Apple's new iPhone?,1388.8
elevenlabs,262,recorded_noisy_news,audio/recorded/noisy/What's the news about Apple's new iPhone?_Claps & Cheers_5.wav,What's the news about Apple's new iPhone?,What's the news about Apple's new iPhone?,1427.1
elevenlabs,263,recorded_noisy_news,audio/recorded/noisy/What's the news about Apple's new iPhone?_Retail Ambient Noise_-5.wav,What's the news about Apple's new iPhone?,Importa mesmo é quando você consegue mais um,1360.0
elevenlabs,264,recorded_noisy_news,audio/recorded/noisy/What's the news about Apple's new iPhone?_Retail Ambient Noise_0.wav,What's the news about Apple's new iPhone?,What's the news about Apple's new iPhone?,1319.8
elevenlabs,265,recorded_noisy_news,audio/recorded/noisy/What's the news about Apple's new iPhone?_Retail Ambient Noise_10.wav,What's the news about Apple's new iPhone?,What's the news about Apple's new iPhone?,1796.2
elevenlabs,266,recorded_noisy_news,audio/recorded/noisy/What's the news about Apple's new iPhone?_Retail Ambient Noise_5.wav,What's the news about Apple's new iPhone?,What's the news about Apple's new iPhone?,1325.1
elevenlabs,267,recorded_noisy_news,audio/recorded/noisy/What's the news about Apple's new iPhone?_Traffic & Wind_-5.wav,What's the news about Apple's new iPhone?,What's the news about Apple's new iPhone?,1995.1
elevenlabs,268,recorded_noisy_news,audio/recorded/noisy/What's the news about Apple's new iPhone?_Traffic & Wind_0.wav,What's the news about Apple's new iPhone?,What's the news about Apple's new iPhone?,1673.8
elevenlabs,269,recorded_noisy_news,audio/recorded/noisy/What's the news about Apple's new iPhone?_Traffic & Wind_10.wav,What's the news about Apple's new iPhone?,What's the news about Apple's new iPhone?,1488.8
elevenlabs,270,recorded_noisy_news,audio/recorded/noisy/What's the news about Apple's new iPhone?_Traffic & Wind_5.wav,What's the news about Apple's new iPhone?,What's the news about Apple's new iPhone?,3500.8
elevenlabs,271,recorded_noisy_news,audio/recorded/noisy/What's up with Trump these days?_Claps & Cheers_-5.wav,What's up with Trump these days?,WhatsApp groups come these days,1802.6
elevenlabs,272,recorded_noisy_news,audio/recorded/noisy/What's up with Trump these days?_Claps & Cheers_0.wav,What's up with Trump these days?,What's up with Trump these days?,1531.2
elevenlabs,273,recorded_noisy_news,audio/recorded/noisy/What's up with Trump these days?_Claps & Cheers_10.wav,What's up with Trump these days?,What's up with Trump these days?,1662.5
elevenlabs,274,recorded_noisy_news,audio/recorded/noisy/What's up with Trump these days?_Claps & Cheers_5.wav,What's up with Trump these days?,What's up with Trump these days?,1197.5
elevenlabs,275,recorded_noisy_news,audio/recorded/noisy/What's up with Trump these days?_Retail Ambient Noise_-5.wav,What's up with Trump these days?,Lots of click from these days,1686.5
elevenlabs,276,recorded_noisy_news,audio/recorded/noisy/What's up with Trump these days?_Retail Ambient Noise_0.wav,What's up with Trump these days?,WhatsApp click from these days,1244.0
elevenlabs,277,recorded_noisy_news,audio/recorded/noisy/What's up with Trump these days?_Retail Ambient Noise_10.wav,What's up with Trump these days?,What's up with Trump these days?,1181.8
elevenlabs,278,recorded_noisy_news,audio/recorded/noisy/What's up with Trump these days?_Retail Ambient Noise_5.wav,What's up with Trump these days?,What's up with Trump these days?,1263.0
elevenlabs,279,recorded_noisy_news,audio/recorded/noisy/What's up with Trump these days?_Traffic & Wind_-5.wav,What's up with Trump these days?,What's up with Trump these days?,1604.9
elevenlabs,280,recorded_noisy_news,audio/recorded/noisy/What's up with Trump these days?_Traffic & Wind_0.wav,What's up with Trump these days?,What's up with Trump these days?,914.8
elevenlabs,281,recorded_noisy_news,audio/recorded/noisy/What's up with Trump these days?_Traffic & Wind_10.wav,What's up with Trump these days?,What's up with Trump these days?,1546.0
elevenlabs,282,recorded_noisy_news,audio/recorded/noisy/What's up with Trump these days?_Traffic & Wind_5.wav,What's up with Trump these days?,What's up with Trump these days?,1280.9
elevenlabs,283,recorded_noisy_ecommerce,audio/recorded/noisy/show me some adidas running shoes_Claps & Cheers_-5.wav,show me some adidas running shoes,Show me some Adidas running shoes,1497.5
elevenlabs,284,recorded_noisy_ecommerce,audio/recorded/noisy/show me some adidas running shoes_Claps & Cheers_0.wav,show me some adidas running shoes,Show me some Adidas running shoes,1485.3
elevenlabs,285,recorded_noisy_ecommerce,audio/recorded/noisy/show me some adidas running shoes_Claps & Cheers_10.wav,show me some adidas running shoes,Show me some Adidas running shoes,1862.3
elevenlabs,286,recorded_noisy_ecommerce,audio/recorded/noisy/show me some adidas running shoes_Claps & Cheers_5.wav,show me some adidas running shoes,Show me some Adidas running shoes,1228.2
elevenlabs,287,recorded_noisy_ecommerce,audio/recorded/noisy/show me some adidas running shoes_Retail Ambient Noise_-5.wav,show me some adidas running shoes,Show me some Adidas running shoes,1235.1
elevenlabs,288,recorded_noisy_ecommerce,audio/recorded/noisy/show me some adidas running shoes_Retail Ambient Noise_0.wav,show me some adidas running shoes,Show me some Adidas running shoes,1623.1
elevenlabs,289,recorded_noisy_ecommerce,audio/recorded/noisy/show me some adidas running shoes_Retail Ambient Noise_10.wav,show me some adidas running shoes,Show me some Adidas running shoes,1578.1
elevenlabs,290,recorded_noisy_ecommerce,audio/recorded/noisy/show me some adidas running shoes_Retail Ambient Noise_5.wav,show me some adidas running shoes,Show me some Adidas running shoes,2170.5
elevenlabs,291,recorded_noisy_ecommerce,audio/recorded/noisy/show me some adidas running shoes_Traffic & Wind_-5.wav,show me some adidas running shoes,Show me some Adidas running shoes,1532.0
elevenlabs,292,recorded_noisy_ecommerce,audio/recorded/noisy/show me some adidas running shoes_Traffic & Wind_0.wav,show me some adidas running shoes,Show me some Adidas running shoes,1930.9
elevenlabs,293,recorded_noisy_ecommerce,audio/recorded/noisy/show me some adidas running shoes_Traffic & Wind_10.wav,show me some adidas running shoes,Show me some Adidas running shoes,1539.1
elevenlabs,294,recorded_noisy_ecommerce,audio/recorded/noisy/show me some adidas running shoes_Traffic & Wind_5.wav,show me some adidas running shoes,Show me some Adidas running shoes,1372.9
assemblyai,0,slurp_news,audio/open_source/what is the exchange rate of us dollar to pound sterling.wav,what is the exchange rate of us dollar to pound sterling,What is the exchange rate of US dollar to pound sterling?,1278.8
assemblyai,1,slurp_news,audio/open_source/what is the exchange rate of us dollar to pound sterling 2.wav,what is the exchange rate of us dollar to pound sterling,What is the exchange rate of US dollar to pound sterling?,1266.2
assemblyai,2,slurp_news,audio/open_source/find me info on cars.wav,find me info on cars,Find me info on cars.,1035.6
assemblyai,3,slurp_news,audio/open_source/find me info on cars 2.wav,find me info on cars,Find me info on cars.,1086.7
assemblyai,4,slurp_news,audio/open_source/find me info on cars 3.wav,find me info on cars,Find me even foreign cars.,1201.2
assemblyai,5,slurp_news,audio/open_source/find me info on cars 4.wav,find me info on cars,Find me in phone calls.,1189.0
assemblyai,6,slurp_news,audio/open_source/get me the popular news from bbc.wav,get me the popular news from bbc,Get me the popular news from BBC.,1160.5
assemblyai,7,slurp_news,audio/open_source/get me the popular news from bbc 2.wav,get me the popular news from bbc,Get me the popular news from BBC.,1145.0
assemblyai,8,slurp_news,audio/open_source/set notification from world news.wav,set notification from world news,Sad notification from world news.,1187.9
assemblyai,9,slurp_news,audio/open_source/set notification from world news 2.wav,set notification from world news,Sad notification from world news.,1208.1
assemblyai,10,slurp_news,audio/open_source/i want to hear the last news from cnn.wav,i want to hear the last news from cnn,I want to hear the last news from CNN.,1234.1
assemblyai,11,slurp_news,audio/open_source/i want to hear the last news from cnn 2.wav,i want to hear the last news from cnn,I want to hear the last news from CNN.,1217.5
assemblyai,12,slurp_news,audio/open_source/i want to hear the last news from cnn 3.wav,i want to hear the last news from cnn,I want to hear the last news from CNN.,1183.3
assemblyai,13,slurp_news,audio/open_source/i want to hear the last news from cnn 4.wav,i want to hear the last news from cnn,I want to hear the last news from CNN.,1210.1
assemblyai,14,slurp_news,audio/open_source/i want to know everything that breaks about the dam breaking in california.wav,i want to know everything that breaks about the dam breaking in california,I want to know everything that Rex got the dam breaking in California.,1228.8
assemblyai,15,slurp_news,audio/open_source/show me news about the environment.wav,show me news about the environment,Show me news about the environment.,1127.7
assemblyai,16,slurp_news,audio/open_source/show me news about the environment 2.wav,show me news about the environment,Show me news about the environment.,1213.7
assemblyai,17,slurp_news,audio/open_source/tell me about the new foreign policy of trump.wav,tell me about the new foreign policy of trump,Tell me about the new foreign policy of Trump.,1020.8
assemblyai,18,slurp_news,audio/open_source/tell me about the new foreign policy of trump 2.wav,tell me about the new foreign policy of trump,Tell me about the new foreign policy of Trump.,1066.9
assemblyai,19,slurp_news,audio/open_source/here's the truth about meals on wheels in someone's budget.wav,here's the truth about meals on wheels in someone's budget,Here's the truth about Meals on Wheels and someone's budget.,1323.9
assemblyai,20,slurp_news,audio/open_source/here's the truth about meals on wheels in someone's budget 2.wav,here's the truth about meals on wheels in someone's budget,Here's the truth about Meals on Wheels and someone's budget.,1192.1
assemblyai,21,slurp_news,audio/open_source/here's the truth about meals on wheels in someone's budget 3.wav,here's the truth about meals on wheels in someone's budget,Here's the truth about Meals on Wheels and someone's budget.,1210.1
assemblyai,22,slurp_news,audio/open_source/here's the truth about meals on wheels in someone's budget 4.wav,here's the truth about meals on wheels in someone's budget,Here's the truth about Meals on Wheels and someone's budget.,1193.1
assemblyai,23,slurp_news,audio/open_source/here's the truth about meals on wheels in someone's budget 5.wav,here's the truth about meals on wheels in someone's budget,Here's the truth about meals on wheels and someone's budget.,1205.8
assemblyai,24,slurp_news,audio/open_source/what's happening around the world.wav,what's happening around the world,What's happening around the world?,1135.1
assemblyai,25,slurp_news,audio/open_source/what's happening around the world 2.wav,what's happening around the world,What's happening around the world?,987.7
assemblyai,26,slurp_news,audio/open_source/what's happening around the world 3.wav,what's happening around the world,Happening around the world.,990.4
assemblyai,27,slurp_news,audio/open_source/what's happening around the world 4.wav,what's happening around the world,What's happening around the world?,997.3
assemblyai,28,slurp_news,audio/open_source/what's happening around the world 5.wav,what's happening around the world,What's happening around the world?,961.7
assemblyai,29,slurp_news,audio/open_source/what's happening around the world 6.wav,what's happening around the world,What's happening around the world?,981.2
assemblyai,30,slurp_news,audio/open_source/what's sensational in time of india.wav,what's sensational in time of india,What sensation in time of injury,1195.5
assemblyai,31,slurp_news,audio/open_source/what's sensational in time of india 2.wav,what's sensational in time of india,What sensation in time of need?,1190.7
assemblyai,32,slurp_news,audio/open_source/what's sensational in time of india 3.wav,what's sensational in time of india,What's sensational in time of India?,1114.1
assemblyai,33,slurp_news,audio/open_source/what's sensational in time of india 4.wav,what's sensational in time of india,was sensational in time of India.,1166.4
assemblyai,34,slurp_news,audio/open_source/what's sensational in time of india 5.wav,what's sensational in time of india,What's sensational in time of India?,1482.1
assemblyai,35,slurp_news,audio/open_source/what's sensational in time of india 6.wav,what's sensational in time of india,What's sensational in time of India?,1011.9
assemblyai,36,slurp_news,audio/open_source/tell me some business news.wav,tell me some business news,Tell me something is news.,1000.6
assemblyai,37,slurp_news,audio/open_source/tell me some business news 2.wav,tell me some business news,Tell me something is news.,1070.0
assemblyai,38,slurp_news,audio/open_source/tell me some business news 3.wav,tell me some business news,Tell me some business news.,984.8
assemblyai,39,slurp_news,audio/open_source/tell me some business news 4.wav,tell me some business news,Tell me some business news.,1013.0
assemblyai,40,slurp_news,audio/open_source/tell me some business news 5.wav,tell me some business news,Tell me some business news.,1198.1
assemblyai,41,slurp_news,audio/open_source/tell me some business news 6.wav,tell me some business news,Tell me some business news.,1004.8
assemblyai,42,slurp_news,audio/open_source/tell me some business news 7.wav,tell me some business news,Tell me some business news.,1017.8
assemblyai,43,slurp_news,audio/open_source/keep me informed about bitcoin price.wav,keep me informed about bitcoin price,Keep me informed about Bitcoin price.,1179.5
assemblyai,44,slurp_news,audio/open_source/keep me informed about bitcoin price 2.wav,keep me informed about bitcoin price,Keep me informed about Bitcoin price.,1232.6
assemblyai,45,slurp_news,audio/open_source/keep me informed about bitcoin price 3.wav,keep me informed about bitcoin price,Keep me informed about Bitcoin price.,972.5
assemblyai,46,slurp_news,audio/open_source/keep me informed about bitcoin price 4.wav,keep me informed about bitcoin price,Keep me informed about Bitcoin price.,997.2
assemblyai,47,slurp_news,audio/open_source/keep me informed about bitcoin price 5.wav,keep me informed about bitcoin price,Keep me informed about Bitcoin price.,1159.9
assemblyai,48,slurp_news,audio/open_source/keep me informed about bitcoin price 6.wav,keep me informed about bitcoin price,Keep me informed about Bitcoin price.,1148.2
assemblyai,49,slurp_news,audio/open_source/what's the latest news on cnn.wav,what's the latest news on cnn,What's the latest news on Sayan?,1172.2
assemblyai,50,slurp_ecommerce,audio/open_source/take out the milk from the shopping list.wav,take out the milk from the shopping list,Take out the milk from the shopping list.,1056.3
assemblyai,51,slurp_ecommerce,audio/open_source/take out the milk from the shopping list 2.wav,take out the milk from the shopping list,Take out the milk from the shopping list.,987.9
assemblyai,52,slurp_ecommerce,audio/open_source/say the list.wav,say the list,Save the list.,996.4
assemblyai,53,slurp_ecommerce,audio/open_source/say the list 2.wav,say the list,Save the list.,965.8
assemblyai,54,slurp_ecommerce,audio/open_source/say the list 3.wav,say the list,Say the least.,980.6
assemblyai,55,slurp_ecommerce,audio/open_source/i have my clothes list.wav,i have my clothes list,I have my clothes list.,998.9
assemblyai,56,slurp_ecommerce,audio/open_source/i have my clothes list 2.wav,i have my clothes list,I have my clothes list.,990.1
assemblyai,57,slurp_ecommerce,audio/open_source/what items are on my shopping list.wav,what items are on my shopping list,What items are on my shopping list?,1139.9
assemblyai,58,slurp_ecommerce,audio/open_source/what items are on my shopping list 2.wav,what items are on my shopping list,What items are on my shopping list?,1040.5
assemblyai,59,slurp_ecommerce,audio/open_source/remind me of how many lists i have.wav,remind me of how many lists i have,Remind me of how many lists I have.,1059.2
assemblyai,60,slurp_ecommerce,audio/open_source/remind me of how many lists i have 2.wav,remind me of how many lists i have,Remind me of how many lists I have.,995.3
assemblyai,61,slurp_ecommerce,audio/open_source/remind me of how many lists i have 3.wav,remind me of how many lists i have,Remind me of how many lists I have.,1199.4
assemblyai,62,slurp_ecommerce,audio/open_source/remind me of how many lists i have 4.wav,remind me of how many lists i have,Remind me of how many lists I have.,1186.1
assemblyai,63,slurp_ecommerce,audio/open_source/add business contacts to contact list.wav,add business contacts to contact list,Add business contacts to contact list.,1013.2
assemblyai,64,slurp_ecommerce,audio/open_source/add business contacts to contact list 2.wav,add business contacts to contact list,Add business contacts to contact list.,1162.2
assemblyai,65,slurp_ecommerce,audio/open_source/please find all name start with alphabetic of a and create a list.wav,please find all name start with alphabetic of a and create a list,Please find all the names starts with alphabetic of and create a list.,1448.7
assemblyai,66,slurp_ecommerce,audio/open_source/delete item.wav,delete item,delete item,986.5
assemblyai,67,slurp_ecommerce,audio/open_source/delete item 2.wav,delete item,Delete item.,988.1
assemblyai,68,slurp_ecommerce,audio/open_source/delete item 3.wav,delete item,Delete item.,1010.7
assemblyai,69,slurp_ecommerce,audio/open_source/delete item 4.wav,delete item,Delete items.,933.6
assemblyai,70,slurp_ecommerce,audio/open_source/delete item 5.wav,delete item,Delete item.,982.5
assemblyai,71,slurp_ecommerce,audio/open_source/delete item 6.wav,delete item,delete item,963.8
assemblyai,72,slurp_ecommerce,audio/open_source/delete item 7.wav,delete item,Delete item.,961.2
assemblyai,73,slurp_ecommerce,audio/open_source/delete item 8.wav,delete item,delete item,992.3
assemblyai,74,slurp_ecommerce,audio/open_source/delete item 9.wav,delete item,Delete item.,1009.7
assemblyai,75,slurp_ecommerce,audio/open_source/delete item 10.wav,delete item,Delete item.,1138.9
assemblyai,76,slurp_ecommerce,audio/open_source/delete item 11.wav,delete item,delete item,960.5
assemblyai,77,slurp_ecommerce,audio/open_source/delete item 12.wav,delete item,Delete item.,913.7
assemblyai,78,slurp_ecommerce,audio/open_source/delete item 13.wav,delete item,delete item,986.9
assemblyai,79,slurp_ecommerce,audio/open_source/delete item 14.wav,delete item,Delete item.,962.5
assemblyai,80,slurp_ecommerce,audio/open_source/delete item 15.wav,delete item,Delete item.,954.1
assemblyai,81,slurp_ecommerce,audio/open_source/delete item 16.wav,delete item,Delete item.,959.7
assemblyai,82,slurp_ecommerce,audio/open_source/delete item 17.wav,delete item,Delete item.,1131.0
assemblyai,83,slurp_ecommerce,audio/open_source/delete item 18.wav,delete item,Image ID.,1100.4
assemblyai,84,slurp_ecommerce,audio/open_source/delete item 19.wav,delete item,Delete item.,973.8
assemblyai,85,slurp_ecommerce,audio/open_source/delete item 20.wav,delete item,Delete item.,981.8
assemblyai,86,slurp_ecommerce,audio/open_source/delete item 21.wav,delete item,Delete the item.,946.7
assemblyai,87,slurp_ecommerce,audio/open_source/delete item 22.wav,delete item,Delete the item.,972.5
assemblyai,88,slurp_ecommerce,audio/open_source/add detergent to the list of things i need to buy.wav,add detergent to the list of things i need to buy,Add detergent to the list of things I need to buy.,1260.8
assemblyai,89,slurp_ecommerce,audio/open_source/add detergent to the list of things i need to buy 2.wav,add detergent to the list of things i need to buy,Add detergent to the list of things I need to buy.,1212.4
assemblyai,90,slurp_ecommerce,audio/open_source/add detergent to the list of things i need to buy 3.wav,add detergent to the list of things i need to buy,I have to add it to the list of things I need to buy.,1238.7
assemblyai,91,slurp_ecommerce,audio/open_source/olly clear the list.wav,olly clear the list,Only clear the list.,964.0
assemblyai,92,slurp_ecommerce,audio/open_source/olly does shibaru sushi deliver.wav,olly does shibaru sushi deliver,All leaders she barishes she deliver.,983.1
assemblyai,93,slurp_ecommerce,audio/open_source/olly does shibaru sushi deliver 2.wav,olly does shibaru sushi deliver,"Ollie, does Shibaru Sushi deliver?",1207.0
assemblyai,94,slurp_ecommerce,audio/open_source/olly does shibaru sushi deliver 3.wav,olly does shibaru sushi deliver,"Ollie, does Shibaru Sushi deliver?",1231.4
assemblyai,95,slurp_ecommerce,audio/open_source/olly does shibaru sushi deliver 4.wav,olly does shibaru sushi deliver,"Ollie, does Shibaru Sushi deliver?",1004.9
assemblyai,96,slurp_ecommerce,audio/open_source/olly does shibaru sushi deliver 5.wav,olly does shibaru sushi deliver,"Ollie, does Shimaru Sushi deliver?",1053.9
assemblyai,97,slurp_ecommerce,audio/open_source/add this to the list.wav,add this to the list,Add this to the list.,1012.1
assemblyai,98,slurp_ecommerce,audio/open_source/is the last order is ready.wav,is the last order is ready,Is the last order— is ready?,1223.4
assemblyai,99,slurp_ecommerce,audio/open_source/is the last order is ready 2.wav,is the last order is ready,Is the last order— is ready?,1131.0
assemblyai,100,recorded_clean_news,audio/recorded/clean/Any recent news about NASA?.wav,Any recent news about NASA?,Any recent news about NASA?,1340.6
assemblyai,101,recorded_clean_ecommerce,audio/recorded/clean/Find me some shoes similar to Elon Musk.wav,Find me some shoes similar to Elon Musk,Find me some shoes similar to Elon Musk.,1383.1
assemblyai,102,recorded_clean_ecommerce,audio/recorded/clean/Get me some Nike shoes from Amazon.wav,Get me some Nike shoes from Amazon,Get me some Nike shoes from Amazon.,1287.9
assemblyai,103,recorded_clean_news,audio/recorded/clean/Give me news about Trump at UN.wav,Give me news about Trump at UN,Give me news about Trump at UN.,1345.2
assemblyai,104,recorded_clean_ecommerce,audio/recorded/clean/Looking for some good office chair.wav,Looking for some good office chair,Looking for some good office chair?,1325.9
assemblyai,105,recorded_clean_news,audio/recorded/clean/Show me some news about Trump.wav,Show me some news about Trump,Show me some news about Trump.,1359.1
assemblyai,106,recorded_clean_ecommerce,audio/recorded/clean/Show me some t-shirts from Amazon.com.wav,Show me some t-shirts from Amazon.com,Show me some t-shirts from amazon.com.,1351.8
assemblyai,107,recorded_clean_ecommerce,audio/recorded/clean/Show me some wireless headphones from eBay.wav,Show me some wireless headphones from eBay,Show me some wireless headphones from eBay.,1403.8
assemblyai,108,recorded_clean_news,audio/recorded/clean/Tell me some latest news about Barack Obama.wav,Tell me some latest news about Barack Obama,Tell me some latest news about Barack Obama.,1418.3
assemblyai,109,recorded_clean_news,audio/recorded/clean/Trump news.wav,Trump news,Trump news.,1161.8
assemblyai,110,recorded_clean_news,audio/recorded/clean/Well tell me some news about Tom Cruise.wav,Well tell me some news about Tom Cruise,"Will, tell me some news about Tom Cruise.",1409.7
assemblyai,111,recorded_clean_news,audio/recorded/clean/What's happening at Washington DC these days?.wav,What's happening at Washington DC these days?,"What's happening at Washington, D.C. these days?",1449.2
assemblyai,112,recorded_clean_news,audio/recorded/clean/What's the news about Apple's new iPhone?.wav,What's the news about Apple's new iPhone?,What's the news about Apple's new iPhone?,1493.1
assemblyai,113,recorded_clean_news,audio/recorded/clean/What's up with Trump these days?.wav,What's up with Trump these days?,What's up with Trump these days?,1700.8
assemblyai,114,recorded_clean_ecommerce,audio/recorded/clean/show me some adidas running shoes.wav,show me some adidas running shoes,Show me some Adidas running shoes.,1527.8
assemblyai,115,recorded_noisy_news,audio/recorded/noisy/Any recent news about NASA?_Claps & Cheers_-5.wav,Any recent news about NASA?,Any recent news about NASA?,1351.1
assemblyai,116,recorded_noisy_news,audio/recorded/noisy/Any recent news about NASA?_Claps & Cheers_0.wav,Any recent news about NASA?,Any recent news about NASA?,1401.0
assemblyai,117,recorded_noisy_news,audio/recorded/noisy/Any recent news about NASA?_Claps & Cheers_10.wav,Any recent news about NASA?,Any recent news about NASA?,1312.2
assemblyai,118,recorded_noisy_news,audio/recorded/noisy/Any recent news about NASA?_Claps & Cheers_5.wav,Any recent news about NASA?,Any recent news about NASA?,1355.4
assemblyai,119,recorded_noisy_news,audio/recorded/noisy/Any recent news about NASA?_Retail Ambient Noise_-5.wav,Any recent news about NASA?,Many decent things about NASA.,1352.8
assemblyai,120,recorded_noisy_news,audio/recorded/noisy/Any recent news about NASA?_Retail Ambient Noise_0.wav,Any recent news about NASA?,Any recent news about NASA?,1353.9
assemblyai,121,recorded_noisy_news,audio/recorded/noisy/Any recent news about NASA?_Retail Ambient Noise_10.wav,Any recent news about NASA?,Any recent news about NASA?,1337.2
assemblyai,122,recorded_noisy_news,audio/recorded/noisy/Any recent news about NASA?_Retail Ambient Noise_5.wav,Any recent news about NASA?,Any recent news about NASA?,1387.5
assemblyai,123,recorded_noisy_news,audio/recorded/noisy/Any recent news about NASA?_Traffic & Wind_-5.wav,Any recent news about NASA?,Any recent news about NASA?,1322.5
assemblyai,124,recorded_noisy_news,audio/recorded/noisy/Any recent news about NASA?_Traffic & Wind_0.wav,Any recent news about NASA?,Any recent news about NASA?,1293.2
assemblyai,125,recorded_noisy_news,audio/recorded/noisy/Any recent news about NASA?_Traffic & Wind_10.wav,Any recent news about NASA?,Any recent news about NASA?,1337.7
assemblyai,126,recorded_noisy_news,audio/recorded/noisy/Any recent news about NASA?_Traffic & Wind_5.wav,Any recent news about NASA?,Any recent news about NASA?,1332.9
assemblyai,127,recorded_noisy_ecommerce,audio/recorded/noisy/Find me some shoes similar to Elon Musk_Claps & Cheers_-5.wav,Find me some shoes similar to Elon Musk,Find me some shoes similar to Elon Musk.,1378.6
assemblyai,128,recorded_noisy_ecommerce,audio/recorded/noisy/Find me some shoes similar to Elon Musk_Claps & Cheers_0.wav,Find me some shoes similar to Elon Musk,Find me some shoes similar to Elon Musk.,1402.2
assemblyai,129,recorded_noisy_ecommerce,audio/recorded/noisy/Find me some shoes similar to Elon Musk_Claps & Cheers_10.wav,Find me some shoes similar to Elon Musk,Find me some shoes similar to Elon Musk.,1393.9
assemblyai,130,recorded_noisy_ecommerce,audio/recorded/noisy/Find me some shoes similar to Elon Musk_Claps & Cheers_5.wav,Find me some shoes similar to Elon Musk,Find me some shoes similar to Elon Musk.,1394.3
assemblyai,131,recorded_noisy_ecommerce,audio/recorded/noisy/Find me some shoes similar to Elon Musk_Retail Ambient Noise_-5.wav,Find me some shoes similar to Elon Musk,Find out some shops similar to Elon Musk.,1357.1
assemblyai,132,recorded_noisy_ecommerce,audio/recorded/noisy/Find me some shoes similar to Elon Musk_Retail Ambient Noise_0.wav,Find me some shoes similar to Elon Musk,"Finally, some shoes similar to Elon Musk.",1388.7
assemblyai,133,recorded_noisy_ecommerce,audio/recorded/noisy/Find me some shoes similar to Elon Musk_Retail Ambient Noise_10.wav,Find me some shoes similar to Elon Musk,Find me some shoes similar to Elon Musk.,1359.4
assemblyai,134,recorded_noisy_ecommerce,audio/recorded/noisy/Find me some shoes similar to Elon Musk_Retail Ambient Noise_5.wav,Find me some shoes similar to Elon Musk,Find me some shoes similar to Elon Musk.,1345.8
assemblyai,135,recorded_noisy_ecommerce,audio/recorded/noisy/Find me some shoes similar to Elon Musk_Traffic & Wind_-5.wav,Find me some shoes similar to Elon Musk,Find me some shoes similar to Elon Musk.,1388.7
assemblyai,136,recorded_noisy_ecommerce,audio/recorded/noisy/Find me some shoes similar to Elon Musk_Traffic & Wind_0.wav,Find me some shoes similar to Elon Musk,Find me some shoes similar to Elon Musk.,1338.7
assemblyai,137,recorded_noisy_ecommerce,audio/recorded/noisy/Find me some shoes similar to Elon Musk_Traffic & Wind_10.wav,Find me some shoes similar to Elon Musk,Find me some shoes similar to Elon Musk.,1370.7
assemblyai,138,recorded_noisy_ecommerce,audio/recorded/noisy/Find me some shoes similar to Elon Musk_Traffic & Wind_5.wav,Find me some shoes similar to Elon Musk,Find me some shoes similar to Elon Musk.,1420.5
assemblyai,139,recorded_noisy_ecommerce,audio/recorded/noisy/Get me some Nike shoes from Amazon_Claps & Cheers_-5.wav,Get me some Nike shoes from Amazon,Get me some Nike shoes from Amazon.,1342.7
assemblyai,140,recorded_noisy_ecommerce,audio/recorded/noisy/Get me some Nike shoes from Amazon_Claps & Cheers_0.wav,Get me some Nike shoes from Amazon,Get me some Nike shoes from Amazon.,1376.0
assemblyai,141,recorded_noisy_ecommerce,audio/recorded/noisy/Get me some Nike shoes from Amazon_Claps & Cheers_10.wav,Get me some Nike shoes from Amazon,Get me some Nike shoes from Amazon.,1353.0
assemblyai,142,recorded_noisy_ecommerce,audio/recorded/noisy/Get me some Nike shoes from Amazon_Claps & Cheers_5.wav,Get me some Nike shoes from Amazon,Get me some Nike shoes from Amazon.,1306.1
assemblyai,143,recorded_noisy_ecommerce,audio/recorded/noisy/Get me some Nike shoes from Amazon_Retail Ambient Noise_-5.wav,Get me some Nike shoes from Amazon,Get me some night vision also from Amazon.,1383.4
assemblyai,144,recorded_noisy_ecommerce,audio/recorded/noisy/Get me some Nike shoes from Amazon_Retail Ambient Noise_0.wav,Get me some Nike shoes from Amazon,Get me some Nike shoes from Amazon.,1282.2
assemblyai,145,recorded_noisy_ecommerce,audio/recorded/noisy/Get me some Nike shoes from Amazon_Retail Ambient Noise_10.wav,Get me some Nike shoes from Amazon,Get me some Nike shoes from Amazon.,1358.3
assemblyai,146,recorded_noisy_ecommerce,audio/recorded/noisy/Get me some Nike shoes from Amazon_Retail Ambient Noise_5.wav,Get me some Nike shoes from Amazon,Get me some Nike shoes from Amazon.,1386.1
assemblyai,147,recorded_noisy_ecommerce,audio/recorded/noisy/Get me some Nike shoes from Amazon_Traffic & Wind_-5.wav,Get me some Nike shoes from Amazon,Get me some Nike shoes from Amazon.,1351.5
assemblyai,148,recorded_noisy_ecommerce,audio/recorded/noisy/Get me some Nike shoes from Amazon_Traffic & Wind_0.wav,Get me some Nike shoes from Amazon,Get me some Nike shoes from Amazon.,1307.9
assemblyai,149,recorded_noisy_ecommerce,audio/recorded/noisy/Get me some Nike shoes from Amazon_Traffic & Wind_10.wav,Get me some Nike shoes from Amazon,Get me some Nike shoes from Amazon.,1394.8
assemblyai,150,recorded_noisy_ecommerce,audio/recorded/noisy/Get me some Nike shoes from Amazon_Traffic & Wind_5.wav,Get me some Nike shoes from Amazon,Get me some Nike shoes from Amazon.,1381.3
assemblyai,151,recorded_noisy_news,audio/recorded/noisy/Give me news about Trump at UN_Claps & Cheers_-5.wav,Give me news about Trump at UN,Give me news about Trump at UN.,1405.0
assemblyai,152,recorded_noisy_news,audio/recorded/noisy/Give me news about Trump at UN_Claps & Cheers_0.wav,Give me news about Trump at UN,Give me news about Trump at UN.,1420.9
assemblyai,153,recorded_noisy_news,audio/recorded/noisy/Give me news about Trump at UN_Claps & Cheers_10.wav,Give me news about Trump at UN,Give me news about Trump at UN.,1366.9
assemblyai,154,recorded_noisy_news,audio/recorded/noisy/Give me news about Trump at UN_Claps & Cheers_5.wav,Give me news about Trump at UN,Give me news about Trump at UN.,1352.7
assemblyai,155,recorded_noisy_news,audio/recorded/noisy/Give me news about Trump at UN_Retail Ambient Noise_-5.wav,Give me news about Trump at UN,"Give me news about the World Cup, do you mind?",1433.8
assemblyai,156,recorded_noisy_news,audio/recorded/noisy/Give me news about Trump at UN_Retail Ambient Noise_0.wav,Give me news about Trump at UN,Give me news about Trump at UN.,1346.3
assemblyai,157,recorded_noisy_news,audio/recorded/noisy/Give me news about Trump at UN_Retail Ambient Noise_10.wav,Give me news about Trump at UN,Give me news about Trump at UN.,1515.6
assemblyai,158,recorded_noisy_news,audio/recorded/noisy/Give me news about Trump at UN_Retail Ambient Noise_5.wav,Give me news about Trump at UN,Give me news about Trump at UN.,2071.3
assemblyai,159,recorded_noisy_news,audio/recorded/noisy/Give me news about Trump at UN_Traffic & Wind_-5.wav,Give me news about Trump at UN,Give me news about Trump at UN.,2209.9
assemblyai,160,recorded_noisy_news,audio/recorded/noisy/Give me news about Trump at UN_Traffic & Wind_0.wav,Give me news about Trump at UN,Give me news about Trump at UN.,1933.7
assemblyai,161,recorded_noisy_news,audio/recorded/noisy/Give me news about Trump at UN_Traffic & Wind_10.wav,Give me news about Trump at UN,Give me news about Trump at UN.,2141.9
assemblyai,162,recorded_noisy_news,audio/recorded/noisy/Give me news about Trump at UN_Traffic & Wind_5.wav,Give me news about Trump at UN,Give me news about Trump at UN.,1881.8
assemblyai,163,recorded_noisy_ecommerce,audio/recorded/noisy/Looking for some good office chair_Claps & Cheers_-5.wav,Looking for some good office chair,Looking for some good office chair?,2124.9
assemblyai,164,recorded_noisy_ecommerce,audio/recorded/noisy/Looking for some good office chair_Claps & Cheers_0.wav,Looking for some good office chair,Looking for some good office chair?,1850.3
assemblyai,165,recorded_noisy_ecommerce,audio/recorded/noisy/Looking for some good office chair_Claps & Cheers_10.wav,Looking for some good office chair,Looking for some good office chair?,2936.8
assemblyai,166,recorded_noisy_ecommerce,audio/recorded/noisy/Looking for some good office chair_Claps & Cheers_5.wav,Looking for some good office chair,Looking for some good office chair?,2564.5
assemblyai,167,recorded_noisy_ecommerce,audio/recorded/noisy/Looking for some good office chair_Retail Ambient Noise_-5.wav,Looking for some good office chair,Looking for some good office here.,1858.8
assemblyai,168,recorded_noisy_ecommerce,audio/recorded/noisy/Looking for some good office chair_Retail Ambient Noise_0.wav,Looking for some good office chair,Looking for some good office chair.,1783.8
assemblyai,169,recorded_noisy_ecommerce,audio/recorded/noisy/Looking for some good office chair_Retail Ambient Noise_10.wav,Looking for some good office chair,Looking for some good office chair?,1295.5
assemblyai,170,recorded_noisy_ecommerce,audio/recorded/noisy/Looking for some good office chair_Retail Ambient Noise_5.wav,Looking for some good office chair,Looking for some good office chair?,1311.7
assemblyai,171,recorded_noisy_ecommerce,audio/recorded/noisy/Looking for some good office chair_Traffic & Wind_-5.wav,Looking for some good office chair,Looking for some good office chair?,1368.1
assemblyai,172,recorded_noisy_ecommerce,audio/recorded/noisy/Looking for some good office chair_Traffic & Wind_0.wav,Looking for some good office chair,Looking for some good office chair?,1374.5
assemblyai,173,recorded_noisy_ecommerce,audio/recorded/noisy/Looking for some good office chair_Traffic & Wind_10.wav,Looking for some good office chair,Looking for some good office chair?,1266.3
assemblyai,174,recorded_noisy_ecommerce,audio/recorded/noisy/Looking for some good office chair_Traffic & Wind_5.wav,Looking for some good office chair,Looking for some good office chair?,1306.5
assemblyai,175,recorded_noisy_news,audio/recorded/noisy/Show me some news about Trump_Claps & Cheers_-5.wav,Show me some news about Trump,Show me some news about Trump.,1314.4
assemblyai,176,recorded_noisy_news,audio/recorded/noisy/Show me some news about Trump_Claps & Cheers_0.wav,Show me some news about Trump,Show me some news about Trump.,1287.6
assemblyai,177,recorded_noisy_news,audio/recorded/noisy/Show me some news about Trump_Claps & Cheers_10.wav,Show me some news about Trump,Show me some news about Trump.,1286.0
assemblyai,178,recorded_noisy_news,audio/recorded/noisy/Show me some news about Trump_Claps & Cheers_5.wav,Show me some news about Trump,Show me some news about Trump.,1368.5
assemblyai,179,recorded_noisy_news,audio/recorded/noisy/Show me some news about Trump_Retail Ambient Noise_-5.wav,Show me some news about Trump,Show my semi-usable arm.,1360.8
assemblyai,180,recorded_noisy_news,audio/recorded/noisy/Show me some news about Trump_Retail Ambient Noise_0.wav,Show me some news about Trump,Show me some news about Trump.,1333.5
assemblyai,181,recorded_noisy_news,audio/recorded/noisy/Show me some news about Trump_Retail Ambient Noise_10.wav,Show me some news about Trump,Show me some news about Trump.,1382.7
assemblyai,182,recorded_noisy_news,audio/recorded/noisy/Show me some news about Trump_Retail Ambient Noise_5.wav,Show me some news about Trump,Show me some news about Trump.,1429.1
assemblyai,183,recorded_noisy_news,audio/recorded/noisy/Show me some news about Trump_Traffic & Wind_-5.wav,Show me some news about Trump,Show me some news about Trump.,1360.8
assemblyai,184,recorded_noisy_news,audio/recorded/noisy/Show me some news about Trump_Traffic & Wind_0.wav,Show me some news about Trump,Show me some news about Trump.,1366.1
assemblyai,185,recorded_noisy_news,audio/recorded/noisy/Show me some news about Trump_Traffic & Wind_10.wav,Show me some news about Trump,Show me some news about Trump.,1396.5
assemblyai,186,recorded_noisy_news,audio/recorded/noisy/Show me some news about Trump_Traffic & Wind_5.wav,Show me some news about Trump,Show me some news about Trump.,1328.3
assemblyai,187,recorded_noisy_ecommerce,audio/recorded/noisy/Show me some t-shirts from Amazon.com_Claps & Cheers_-5.wav,Show me some t-shirts from Amazon.com,Show me some t-shirts from amazon.com.,1323.6
assemblyai,188,recorded_noisy_ecommerce,audio/recorded/noisy/Show me some t-shirts from Amazon.com_Claps & Cheers_0.wav,Show me some t-shirts from Amazon.com,Show me some t-shirts from amazon.com.,1344.3
assemblyai,189,recorded_noisy_ecommerce,audio/recorded/noisy/Show me some t-shirts from Amazon.com_Claps & Cheers_10.wav,Show me some t-shirts from Amazon.com,Show me some t-shirts from amazon.com.,1388.7
assemblyai,190,recorded_noisy_ecommerce,audio/recorded/noisy/Show me some t-shirts from Amazon.com_Claps & Cheers_5.wav,Show me some t-shirts from Amazon.com,Show me some t-shirts from amazon.com.,1339.3
assemblyai,191,recorded_noisy_ecommerce,audio/recorded/noisy/Show me some t-shirts from Amazon.com_Retail Ambient Noise_-5.wav,Show me some t-shirts from Amazon.com,Show me some t-shirts on amazon.com.,1356.6
assemblyai,192,recorded_noisy_ecommerce,audio/recorded/noisy/Show me some t-shirts from Amazon.com_Retail Ambient Noise_0.wav,Show me some t-shirts from Amazon.com,Show me some t-shirts from amazon.com.,1343.6
assemblyai,193,recorded_noisy_ecommerce,audio/recorded/noisy/Show me some t-shirts from Amazon.com_Retail Ambient Noise_10.wav,Show me some t-shirts from Amazon.com,Show me some t-shirts from amazon.com.,1382.0
assemblyai,194,recorded_noisy_ecommerce,audio/recorded/noisy/Show me some t-shirts from Amazon.com_Retail Ambient Noise_5.wav,Show me some t-shirts from Amazon.com,Show me some t-shirts from amazon.com.,1423.8
assemblyai,195,recorded_noisy_ecommerce,audio/recorded/noisy/Show me some t-shirts from Amazon.com_Traffic & Wind_-5.wav,Show me some t-shirts from Amazon.com,Show me some t-shirts from amazon.com.,1408.6
assemblyai,196,recorded_noisy_ecommerce,audio/recorded/noisy/Show me some t-shirts from Amazon.com_Traffic & Wind_0.wav,Show me some t-shirts from Amazon.com,Show me some t-shirts from amazon.com.,1358.5
assemblyai,197,recorded_noisy_ecommerce,audio/recorded/noisy/Show me some t-shirts from Amazon.com_Traffic & Wind_10.wav,Show me some t-shirts from Amazon.com,Show me some t-shirts from amazon.com.,1376.8
assemblyai,198,recorded_noisy_ecommerce,audio/recorded/noisy/Show me some t-shirts from Amazon.com_Traffic & Wind_5.wav,Show me some t-shirts from Amazon.com,Show me some t-shirts from amazon.com.,1416.5
assemblyai,199,recorded_noisy_ecommerce,audio/recorded/noisy/Show me some wireless headphones from eBay_Claps & Cheers_-5.wav,Show me some wireless headphones from eBay,Show me some wireless headphones from eBay.,1426.0
assemblyai,200,recorded_noisy_ecommerce,audio/recorded/noisy/Show me some wireless headphones from eBay_Claps & Cheers_0.wav,Show me some wireless headphones from eBay,Show me some wireless headphones from eBay.,1410.9
assemblyai,201,recorded_noisy_ecommerce,audio/recorded/noisy/Show me some wireless headphones from eBay_Claps & Cheers_10.wav,Show me some wireless headphones from eBay,Show me some wireless headphones from eBay.,1363.7
assemblyai,202,recorded_noisy_ecommerce,audio/recorded/noisy/Show me some wireless headphones from eBay_Claps & Cheers_5.wav,Show me some wireless headphones from eBay,Show me some wireless headphones from eBay.,1382.5
assemblyai,203,recorded_noisy_ecommerce,audio/recorded/noisy/Show me some wireless headphones from eBay_Retail Ambient Noise_-5.wav,Show me some wireless headphones from eBay,Show me some paradise right now.,1379.9
assemblyai,204,recorded_noisy_ecommerce,audio/recorded/noisy/Show me some wireless headphones from eBay_Retail Ambient Noise_0.wav,Show me some wireless headphones from eBay,Show me some wireless headphones from eBay.,1825.1
assemblyai,205,recorded_noisy_ecommerce,audio/recorded/noisy/Show me some wireless headphones from eBay_Retail Ambient Noise_10.wav,Show me some wireless headphones from eBay,Show me some wireless headphones from eBay.,1364.7
assemblyai,206,recorded_noisy_ecommerce,audio/recorded/noisy/Show me some wireless headphones from eBay_Retail Ambient Noise_5.wav,Show me some wireless headphones from eBay,Show me some wireless headphones from eBay.,1395.9
assemblyai,207,recorded_noisy_ecommerce,audio/recorded/noisy/Show me some wireless headphones from eBay_Traffic & Wind_-5.wav,Show me some wireless headphones from eBay,Show me some wireless headphones from eBay.,1382.7
assemblyai,208,recorded_noisy_ecommerce,audio/recorded/noisy/Show me some wireless headphones from eBay_Traffic & Wind_0.wav,Show me some wireless headphones from eBay,Show me some wireless headphones from eBay.,1341.3
assemblyai,209,recorded_noisy_ecommerce,audio/recorded/noisy/Show me some wireless headphones from eBay_Traffic & Wind_10.wav,Show me some wireless headphones from eBay,Show me some wireless headphones from eBay.,1346.8
assemblyai,210,recorded_noisy_ecommerce,audio/recorded/noisy/Show me some wireless headphones from eBay_Traffic & Wind_5.wav,Show me some wireless headphones from eBay,Show me some wireless headphones from eBay.,1387.3
assemblyai,211,recorded_noisy_news,audio/recorded/noisy/Tell me some latest news about Barack Obama_Claps & Cheers_-5.wav,Tell me some latest news about Barack Obama,Tell me some latest news about Barack Obama.,1391.5
assemblyai,212,recorded_noisy_news,audio/recorded/noisy/Tell me some latest news about Barack Obama_Claps & Cheers_0.wav,Tell me some latest news about Barack Obama,Tell me some latest news about Barack Obama.,1335.7
assemblyai,213,recorded_noisy_news,audio/recorded/noisy/Tell me some latest news about Barack Obama_Claps & Cheers_10.wav,Tell me some latest news about Barack Obama,Tell me some latest news about Barack Obama.,1407.6
assemblyai,214,recorded_noisy_news,audio/recorded/noisy/Tell me some latest news about Barack Obama_Claps & Cheers_5.wav,Tell me some latest news about Barack Obama,Tell me some latest news about Barack Obama.,1352.6
assemblyai,215,recorded_noisy_news,audio/recorded/noisy/Tell me some latest news about Barack Obama_Retail Ambient Noise_-5.wav,Tell me some latest news about Barack Obama,Tell me something that is good about Brantula.,1369.1
assemblyai,216,recorded_noisy_news,audio/recorded/noisy/Tell me some latest news about Barack Obama_Retail Ambient Noise_0.wav,Tell me some latest news about Barack Obama,Tell me some latest news about Barack Obama.,1467.1
assemblyai,217,recorded_noisy_news,audio/recorded/noisy/Tell me some latest news about Barack Obama_Retail Ambient Noise_10.wav,Tell me some latest news about Barack Obama,Tell me some latest news about Barack Obama.,1397.6
assemblyai,218,recorded_noisy_news,audio/recorded/noisy/Tell me some latest news about Barack Obama_Retail Ambient Noise_5.wav,Tell me some latest news about Barack Obama,Tell me some latest news about Barack Obama.,1906.1
assemblyai,219,recorded_noisy_news,audio/recorded/noisy/Tell me some latest news about Barack Obama_Traffic & Wind_-5.wav,Tell me some latest news about Barack Obama,Tell me some latest news about Barack Obama.,1385.2
assemblyai,220,recorded_noisy_news,audio/recorded/noisy/Tell me some latest news about Barack Obama_Traffic & Wind_0.wav,Tell me some latest news about Barack Obama,Tell me some latest news about Barack Obama.,1413.9
assemblyai,221,recorded_noisy_news,audio/recorded/noisy/Tell me some latest news about Barack Obama_Traffic & Wind_10.wav,Tell me some latest news about Barack Obama,Tell me some latest news about Barack Obama.,1615.6
assemblyai,222,recorded_noisy_news,audio/recorded/noisy/Tell me some latest news about Barack Obama_Traffic & Wind_5.wav,Tell me some latest news about Barack Obama,Tell me some latest news about Barack Obama.,1760.6
assemblyai,223,recorded_noisy_news,audio/recorded/noisy/Trump news_Claps & Cheers_-5.wav,Trump news,Trump news.,1218.6
assemblyai,224,recorded_noisy_news,audio/recorded/noisy/Trump news_Claps & Cheers_0.wav,Trump news,Trump news.,1206.3
assemblyai,225,recorded_noisy_news,audio/recorded/noisy/Trump news_Claps & Cheers_10.wav,Trump news,Trump news.,1123.8
assemblyai,226,recorded_noisy_news,audio/recorded/noisy/Trump news_Claps & Cheers_5.wav,Trump news,Trump news.,1773.2
assemblyai,227,recorded_noisy_news,audio/recorded/noisy/Trump news_Retail Ambient Noise_-5.wav,Trump news,Drum the mules.,1152.8
assemblyai,228,recorded_noisy_news,audio/recorded/noisy/Trump news_Retail Ambient Noise_0.wav,Trump news,Trump news.,1324.7
assemblyai,229,recorded_noisy_news,audio/recorded/noisy/Trump news_Retail Ambient Noise_10.wav,Trump news,Trump news.,6237.6
assemblyai,230,recorded_noisy_news,audio/recorded/noisy/Trump news_Retail Ambient Noise_5.wav,Trump news,trump news,5680.6
assemblyai,231,recorded_noisy_news,audio/recorded/noisy/Trump news_Traffic & Wind_-5.wav,Trump news,Trump news.,5458.9
assemblyai,232,recorded_noisy_news,audio/recorded/noisy/Trump news_Traffic & Wind_0.wav,Trump news,Trump news.,5300.7
assemblyai,233,recorded_noisy_news,audio/recorded/noisy/Trump news_Traffic & Wind_10.wav,Trump news,Trump news.,1244.6
assemblyai,234,recorded_noisy_news,audio/recorded/noisy/Trump news_Traffic & Wind_5.wav,Trump news,Trump news.,1202.5
assemblyai,235,recorded_noisy_news,audio/recorded/noisy/Well tell me some news about Tom Cruise_Claps & Cheers_-5.wav,Well tell me some news about Tom Cruise,Will tell me some news about Tom Cruise.,1388.6
assemblyai,236,recorded_noisy_news,audio/recorded/noisy/Well tell me some news about Tom Cruise_Claps & Cheers_0.wav,Well tell me some news about Tom Cruise,"Will, tell me some news about Tom Cruise.",1404.6
assemblyai,237,recorded_noisy_news,audio/recorded/noisy/Well tell me some news about Tom Cruise_Claps & Cheers_10.wav,Well tell me some news about Tom Cruise,Will tell me some news about Tom Cruise.,1394.2
assemblyai,238,recorded_noisy_news,audio/recorded/noisy/Well tell me some news about Tom Cruise_Claps & Cheers_5.wav,Well tell me some news about Tom Cruise,"Will, tell me some news about Tom Cruise.",1326.9
assemblyai,239,recorded_noisy_news,audio/recorded/noisy/Well tell me some news about Tom Cruise_Retail Ambient Noise_-5.wav,Well tell me some news about Tom Cruise,Winter is about to close.,1397.1
assemblyai,240,recorded_noisy_news,audio/recorded/noisy/Well tell me some news about Tom Cruise_Retail Ambient Noise_0.wav,Well tell me some news about Tom Cruise,Will tell me some news about Tom Cruise.,1424.0
assemblyai,241,recorded_noisy_news,audio/recorded/noisy/Well tell me some news about Tom Cruise_Retail Ambient Noise_10.wav,Well tell me some news about Tom Cruise,Will tell me some news about Tom Cruise.,1428.9
assemblyai,242,recorded_noisy_news,audio/recorded/noisy/Well tell me some news about Tom Cruise_Retail Ambient Noise_5.wav,Well tell me some news about Tom Cruise,Will tell me some news about Tom Cruise.,1380.5
assemblyai,243,recorded_noisy_news,audio/recorded/noisy/Well tell me some news about Tom Cruise_Traffic & Wind_-5.wav,Well tell me some news about Tom Cruise,Will tell me some news about Tom Cruise.,1590.6
assemblyai,244,recorded_noisy_news,audio/recorded/noisy/Well tell me some news about Tom Cruise_Traffic & Wind_0.wav,Well tell me some news about Tom Cruise,Will tell me some news about Tom Cruise.,1353.7
assemblyai,245,recorded_noisy_news,audio/recorded/noisy/Well tell me some news about Tom Cruise_Traffic & Wind_10.wav,Well tell me some news about Tom Cruise,"Will, tell me some news about Tom Cruise.",1353.5
assemblyai,246,recorded_noisy_news,audio/recorded/noisy/Well tell me some news about Tom Cruise_Traffic & Wind_5.wav,Well tell me some news about Tom Cruise,"Will, tell me some news about Tom Cruise.",1349.7
assemblyai,247,recorded_noisy_news,audio/recorded/noisy/What's happening at Washington DC these days?_Claps & Cheers_-5.wav,What's happening at Washington DC these days?,"What's happening at Washington, D.C.? D says",1400.3
assemblyai,248,recorded_noisy_news,audio/recorded/noisy/What's happening at Washington DC these days?_Claps & Cheers_0.wav,What's happening at Washington DC these days?,"What's happening at Washington, D.C.? D says",1433.3
assemblyai,249,recorded_noisy_news,audio/recorded/noisy/What's happening at Washington DC these days?_Claps & Cheers_10.wav,What's happening at Washington DC these days?,"What's happening at Washington, D.C. these days?",1319.8
assemblyai,250,recorded_noisy_news,audio/recorded/noisy/What's happening at Washington DC these days?_Claps & Cheers_5.wav,What's happening at Washington DC these days?,"What's happening at Washington, D.C. these days?",1443.4
assemblyai,251,recorded_noisy_news,audio/recorded/noisy/What's happening at Washington DC these days?_Retail Ambient Noise_-5.wav,What's happening at Washington DC these days?,"What's happening here in Washington, D.C. in the past days?",1421.3
assemblyai,252,recorded_noisy_news,audio/recorded/noisy/What's happening at Washington DC these days?_Retail Ambient Noise_0.wav,What's happening at Washington DC these days?,What's happening at Washington DC these days?,1433.2
assemblyai,253,recorded_noisy_news,audio/recorded/noisy/What's happening at Washington DC these days?_Retail Ambient Noise_10.wav,What's happening at Washington DC these days?,"What's happening at Washington, D.C. these days?",1338.8
assemblyai,254,recorded_noisy_news,audio/recorded/noisy/What's happening at Washington DC these days?_Retail Ambient Noise_5.wav,What's happening at Washington DC these days?,"What's happening at Washington, D.C. these days?",1451.5
assemblyai,255,recorded_noisy_news,audio/recorded/noisy/What's happening at Washington DC these days?_Traffic & Wind_-5.wav,What's happening at Washington DC these days?,"What's happening at Washington, D.C. these days?",1448.0
assemblyai,256,recorded_noisy_news,audio/recorded/noisy/What's happening at Washington DC these days?_Traffic & Wind_0.wav,What's happening at Washington DC these days?,"What's happening at Washington, D.C. these days?",1423.6
assemblyai,257,recorded_noisy_news,audio/recorded/noisy/What's happening at Washington DC these days?_Traffic & Wind_10.wav,What's happening at Washington DC these days?,"What's happening at Washington, D.C. these days?",1452.1
assemblyai,258,recorded_noisy_news,audio/recorded/noisy/What's happening at Washington DC these days?_Traffic & Wind_5.wav,What's happening at Washington DC these days?,"What's happening at Washington, D.C. these days?",1432.9
assemblyai,259,recorded_noisy_news,audio/recorded/noisy/What's the news about Apple's new iPhone?_Claps & Cheers_-5.wav,What's the news about Apple's new iPhone?,What the news about Apple's new iPhone?,1342.8
assemblyai,260,recorded_noisy_news,audio/recorded/noisy/What's the news about Apple's new iPhone?_Claps & Cheers_0.wav,What's the news about Apple's new iPhone?,What's the news about Apple's new iPhone?,1379.9
assemblyai,261,recorded_noisy_news,audio/recorded/noisy/What's the news about Apple's new iPhone?_Claps & Cheers_10.wav,What's the news about Apple's new iPhone?,What's the news about Apple's new iPhone?,1362.7
assemblyai,262,recorded_noisy_news,audio/recorded/noisy/What's the news about Apple's new iPhone?_Claps & Cheers_5.wav,What's the news about Apple's new iPhone?,What's the news about Apple's new iPhone?,1366.5
assemblyai,263,recorded_noisy_news,audio/recorded/noisy/What's the news about Apple's new iPhone?_Retail Ambient Noise_-5.wav,What's the news about Apple's new iPhone?,What's the reason?,1346.7
assemblyai,264,recorded_noisy_news,audio/recorded/noisy/What's the news about Apple's new iPhone?_Retail Ambient Noise_0.wav,What's the news about Apple's new iPhone?,What's the news about Apple's new iPhone?,1321.6
assemblyai,265,recorded_noisy_news,audio/recorded/noisy/What's the news about Apple's new iPhone?_Retail Ambient Noise_10.wav,What's the news about Apple's new iPhone?,What's the news about Apple's new iPhone?,1405.9
assemblyai,266,recorded_noisy_news,audio/recorded/noisy/What's the news about Apple's new iPhone?_Retail Ambient Noise_5.wav,What's the news about Apple's new iPhone?,What's the news about Apple's new iPhone?,1399.4
assemblyai,267,recorded_noisy_news,audio/recorded/noisy/What's the news about Apple's new iPhone?_Traffic & Wind_-5.wav,What's the news about Apple's new iPhone?,What's the news about Apple's new iPhone?,1407.1
assemblyai,268,recorded_noisy_news,audio/recorded/noisy/What's the news about Apple's new iPhone?_Traffic & Wind_0.wav,What's the news about Apple's new iPhone?,What's the news about Apple's new iPhone?,1415.6
assemblyai,269,recorded_noisy_news,audio/recorded/noisy/What's the news about Apple's new iPhone?_Traffic & Wind_10.wav,What's the news about Apple's new iPhone?,What's the news about Apple's new iPhone?,1327.7
assemblyai,270,recorded_noisy_news,audio/recorded/noisy/What's the news about Apple's new iPhone?_Traffic & Wind_5.wav,What's the news about Apple's new iPhone?,What's the news about Apple's new iPhone?,1405.6
assemblyai,271,recorded_noisy_news,audio/recorded/noisy/What's up with Trump these days?_Claps & Cheers_-5.wav,What's up with Trump these days?,What's up with Trump these days?,1322.5
assemblyai,272,recorded_noisy_news,audio/recorded/noisy/What's up with Trump these days?_Claps & Cheers_0.wav,What's up with Trump these days?,What's up with Trump these days?,1340.9
assemblyai,273,recorded_noisy_news,audio/recorded/noisy/What's up with Trump these days?_Claps & Cheers_10.wav,What's up with Trump these days?,What's up with Trump these days?,1283.6
assemblyai,274,recorded_noisy_news,audio/recorded/noisy/What's up with Trump these days?_Claps & Cheers_5.wav,What's up with Trump these days?,What's up with Trump these days?,1299.7
assemblyai,275,recorded_noisy_news,audio/recorded/noisy/What's up with Trump these days?_Retail Ambient Noise_-5.wav,What's up with Trump these days?,Lots of click-through rate these days.,1415.1
assemblyai,276,recorded_noisy_news,audio/recorded/noisy/What's up with Trump these days?_Retail Ambient Noise_0.wav,What's up with Trump these days?,What's up with Trump these days?,1323.8
assemblyai,277,recorded_noisy_news,audio/recorded/noisy/What's up with Trump these days?_Retail Ambient Noise_10.wav,What's up with Trump these days?,What's up with Trump these days?,1383.9
assemblyai,278,recorded_noisy_news,audio/recorded/noisy/What's up with Trump these days?_Retail Ambient Noise_5.wav,What's up with Trump these days?,What's up with Trump these days?,1398.2
assemblyai,279,recorded_noisy_news,audio/recorded/noisy/What's up with Trump these days?_Traffic & Wind_-5.wav,What's up with Trump these days?,What's up with Trump these days?,1397.2
assemblyai,280,recorded_noisy_news,audio/recorded/noisy/What's up with Trump these days?_Traffic & Wind_0.wav,What's up with Trump these days?,What's up with Trump these days?,1345.0
assemblyai,281,recorded_noisy_news,audio/recorded/noisy/What's up with Trump these days?_Traffic & Wind_10.wav,What's up with Trump these days?,What's up with Trump these days?,1424.6
assemblyai,282,recorded_noisy_news,audio/recorded/noisy/What's up with Trump these days?_Traffic & Wind_5.wav,What's up with Trump these days?,What's up with Trump these days?,1321.1
assemblyai,283,recorded_noisy_ecommerce,audio/recorded/noisy/show me some adidas running shoes_Claps & Cheers_-5.wav,show me some adidas running shoes,Show me some Adidas running shoes.,1421.2
assemblyai,284,recorded_noisy_ecommerce,audio/recorded/noisy/show me some adidas running shoes_Claps & Cheers_0.wav,show me some adidas running shoes,Show me some Adidas running shoes.,1363.5
assemblyai,285,recorded_noisy_ecommerce,audio/recorded/noisy/show me some adidas running shoes_Claps & Cheers_10.wav,show me some adidas running shoes,Show me some Adidas running shoes.,1386.8
assemblyai,286,recorded_noisy_ecommerce,audio/recorded/noisy/show me some adidas running shoes_Claps & Cheers_5.wav,show me some adidas running shoes,Show me some Adidas running shoes.,1429.0
assemblyai,287,recorded_noisy_ecommerce,audio/recorded/noisy/show me some adidas running shoes_Retail Ambient Noise_-5.wav,show me some adidas running shoes,Show me some Adidas and Adidas shoes.,1346.2
assemblyai,288,recorded_noisy_ecommerce,audio/recorded/noisy/show me some adidas running shoes_Retail Ambient Noise_0.wav,show me some adidas running shoes,Show me some Adidas running shoes.,1397.6
assemblyai,289,recorded_noisy_ecommerce,audio/recorded/noisy/show me some adidas running shoes_Retail Ambient Noise_10.wav,show me some adidas running shoes,Show me some Adidas running shoes.,1380.6
assemblyai,290,recorded_noisy_ecommerce,audio/recorded/noisy/show me some adidas running shoes_Retail Ambient Noise_5.wav,show me some adidas running shoes,Show me some Adidas running shoes.,1402.0
assemblyai,291,recorded_noisy_ecommerce,audio/recorded/noisy/show me some adidas running shoes_Traffic & Wind_-5.wav,show me some adidas running shoes,Show me some Adidas running shoes.,1461.2
assemblyai,292,recorded_noisy_ecommerce,audio/recorded/noisy/show me some adidas running shoes_Traffic & Wind_0.wav,show me some adidas running shoes,Show me some Adidas running shoes.,1360.8
assemblyai,293,recorded_noisy_ecommerce,audio/recorded/noisy/show me some adidas running shoes_Traffic & Wind_10.wav,show me some adidas running shoes,Show me some Adidas running shoes.,1351.3
assemblyai,294,recorded_noisy_ecommerce,audio/recorded/noisy/show me some adidas running shoes_Traffic & Wind_5.wav,show me some adidas running shoes,Show me some Adidas running shoes.,1401.2
speechmatics,0,slurp_news,audio/open_source/what is the exchange rate of us dollar to pound sterling.wav,what is the exchange rate of us dollar to pound sterling,What is the exchange rate of US dollar to pound sterling?,3155.9
speechmatics,1,slurp_news,audio/open_source/what is the exchange rate of us dollar to pound sterling 2.wav,what is the exchange rate of us dollar to pound sterling,What is the exchange rate of U.S. dollar to pound sterling?,2150.5
speechmatics,2,slurp_news,audio/open_source/find me info on cars.wav,find me info on cars,Find me info on cars.,1999.8
speechmatics,3,slurp_news,audio/open_source/find me info on cars 2.wav,find me info on cars,Finally involves curves.,2213.8
speechmatics,4,slurp_news,audio/open_source/find me info on cars 3.wav,find me info on cars,Find me in phone calls.,2069.4
speechmatics,5,slurp_news,audio/open_source/find me info on cars 4.wav,find me info on cars,Find me in phone calls.,2394.4
speechmatics,6,slurp_news,audio/open_source/get me the popular news from bbc.wav,get me the popular news from bbc,Get me the popular news from BBC.,2360.6
speechmatics,7,slurp_news,audio/open_source/get me the popular news from bbc 2.wav,get me the popular news from bbc,Get me the popular news from BBC.,2240.2
speechmatics,8,slurp_news,audio/open_source/set notification from world news.wav,set notification from world news,Set notification from World News.,2084.0
speechmatics,9,slurp_news,audio/open_source/set notification from world news 2.wav,set notification from world news,Get notification from World News.,2160.2
speechmatics,10,slurp_news,audio/open_source/i want to hear the last news from cnn.wav,i want to hear the last news from cnn,I want to hear the last news from CNN.,2215.1
speechmatics,11,slurp_news,audio/open_source/i want to hear the last news from cnn 2.wav,i want to hear the last news from cnn,I want to hear the last news from CNN.,2089.2
speechmatics,12,slurp_news,audio/open_source/i want to hear the last news from cnn 3.wav,i want to hear the last news from cnn,I want to hear the last news from CNN.,2080.7
speechmatics,13,slurp_news,audio/open_source/i want to hear the last news from cnn 4.wav,i want to hear the last news from cnn,I want to hear the last news from CNN.,2081.4
speechmatics,14,slurp_news,audio/open_source/i want to know everything that breaks about the dam breaking in california.wav,i want to know everything that breaks about the dam breaking in california,I want to know everything that breaks about the dam breaking in California.,2012.7
speechmatics,15,slurp_news,audio/open_source/show me news about the environment.wav,show me news about the environment,Show me news about the environment.,2157.6
speechmatics,16,slurp_news,audio/open_source/show me news about the environment 2.wav,show me news about the environment,Show me news about the environment.,2057.7
speechmatics,17,slurp_news,audio/open_source/tell me about the new foreign policy of trump.wav,tell me about the new foreign policy of trump,Tell me about the new foreign policy of Trump.,2058.7
speechmatics,18,slurp_news,audio/open_source/tell me about the new foreign policy of trump 2.wav,tell me about the new foreign policy of trump,Tell me about the new foreign policy of Trump.,1938.2
speechmatics,19,slurp_news,audio/open_source/here's the truth about meals on wheels in someone's budget.wav,here's the truth about meals on wheels in someone's budget,Here's the truth about Meals on Wheels in someone's budget.,2260.7
speechmatics,20,slurp_news,audio/open_source/here's the truth about meals on wheels in someone's budget 2.wav,here's the truth about meals on wheels in someone's budget,Here's the truth about Meals on Wheels and someone's budget.,2017.1
speechmatics,21,slurp_news,audio/open_source/here's the truth about meals on wheels in someone's budget 3.wav,here's the truth about meals on wheels in someone's budget,Here's the truth about Meals on Wheels and someone's budget.,2047.4
speechmatics,22,slurp_news,audio/open_source/here's the truth about meals on wheels in someone's budget 4.wav,here's the truth about meals on wheels in someone's budget,Here's the truth about Meals on Wheels in someone's budget.,2036.9
speechmatics,23,slurp_news,audio/open_source/here's the truth about meals on wheels in someone's budget 5.wav,here's the truth about meals on wheels in someone's budget,Here's the truth about Meals on Wheels in someone's budget.,2356.2
speechmatics,24,slurp_news,audio/open_source/what's happening around the world.wav,what's happening around the world,What's happening around the world.,2190.0
speechmatics,25,slurp_news,audio/open_source/what's happening around the world 2.wav,what's happening around the world,What's happening around the world.,2046.5
speechmatics,26,slurp_news,audio/open_source/what's happening around the world 3.wav,what's happening around the world,Happening around the world.,2046.5
speechmatics,27,slurp_news,audio/open_source/what's happening around the world 4.wav,what's happening around the world,What's happening around the world.,1927.7
speechmatics,28,slurp_news,audio/open_source/what's happening around the world 5.wav,what's happening around the world,What's happening around the world.,1953.1
speechmatics,29,slurp_news,audio/open_source/what's happening around the world 6.wav,what's happening around the world,What's happening around the world.,2062.4
speechmatics,30,slurp_news,audio/open_source/what's sensational in time of india.wav,what's sensational in time of india,What sensation in time of.,2048.3
speechmatics,31,slurp_news,audio/open_source/what's sensational in time of india 2.wav,what's sensational in time of india,What sensation in time of.,1971.5
speechmatics,32,slurp_news,audio/open_source/what's sensational in time of india 3.wav,what's sensational in time of india,What's sensational in time of India.,1982.3
speechmatics,33,slurp_news,audio/open_source/what's sensational in time of india 4.wav,what's sensational in time of india,"Well, it's sensational in time of India.",2149.2
speechmatics,34,slurp_news,audio/open_source/what's sensational in time of india 5.wav,what's sensational in time of india,What's sensational in time of India.,2000.3
speechmatics,35,slurp_news,audio/open_source/what's sensational in time of india 6.wav,what's sensational in time of india,What sensational in time of India.,2047.8
speechmatics,36,slurp_news,audio/open_source/tell me some business news.wav,tell me some business news,Tell me something is news.,1995.4
speechmatics,37,slurp_news,audio/open_source/tell me some business news 2.wav,tell me some business news,Tell me something. Is the news.,2069.8
speechmatics,38,slurp_news,audio/open_source/tell me some business news 3.wav,tell me some business news,Tell me some business news.,1971.9
speechmatics,39,slurp_news,audio/open_source/tell me some business news 4.wav,tell me some business news,Tell me some business news.,2047.4
speechmatics,40,slurp_news,audio/open_source/tell me some business news 5.wav,tell me some business news,Tell me some business news.,2075.2
speechmatics,41,slurp_news,audio/open_source/tell me some business news 6.wav,tell me some business news,Tell me some business news.,2050.9
speechmatics,42,slurp_news,audio/open_source/tell me some business news 7.wav,tell me some business news,Tell me some business news.,1998.5
speechmatics,43,slurp_news,audio/open_source/keep me informed about bitcoin price.wav,keep me informed about bitcoin price,Keep me informed about Bitcoin price.,2152.4
speechmatics,44,slurp_news,audio/open_source/keep me informed about bitcoin price 2.wav,keep me informed about bitcoin price,Keep me informed about Bitcoin price.,2146.4
speechmatics,45,slurp_news,audio/open_source/keep me informed about bitcoin price 3.wav,keep me informed about bitcoin price,Keep me informed about Bitcoin price.,2148.3
speechmatics,46,slurp_news,audio/open_source/keep me informed about bitcoin price 4.wav,keep me informed about bitcoin price,Keep me informed about Bitcoin price.,2146.8
speechmatics,47,slurp_news,audio/open_source/keep me informed about bitcoin price 5.wav,keep me informed about bitcoin price,Keep me informed about Bitcoin price.,2140.7
speechmatics,48,slurp_news,audio/open_source/keep me informed about bitcoin price 6.wav,keep me informed about bitcoin price,Keep me informed about Bitcoin price.,2140.4
speechmatics,49,slurp_news,audio/open_source/what's the latest news on cnn.wav,what's the latest news on cnn,What's the latest news on CNN?,2020.8
speechmatics,50,slurp_ecommerce,audio/open_source/take out the milk from the shopping list.wav,take out the milk from the shopping list,Take up the milk from the shopping list.,1984.0
speechmatics,51,slurp_ecommerce,audio/open_source/take out the milk from the shopping list 2.wav,take out the milk from the shopping list,Take out the milk from the shopping list.,6986.8
speechmatics,52,slurp_ecommerce,audio/open_source/say the list.wav,say the list,Say the list.,6967.9
speechmatics,53,slurp_ecommerce,audio/open_source/say the list 2.wav,say the list,Say the list.,1993.0
speechmatics,54,slurp_ecommerce,audio/open_source/say the list 3.wav,say the list,Say the least.,1977.6
speechmatics,55,slurp_ecommerce,audio/open_source/i have my clothes list.wav,i have my clothes list,I have my clothes list.,1991.5
speechmatics,56,slurp_ecommerce,audio/open_source/i have my clothes list 2.wav,i have my clothes list,I have my clothes list.,2034.6
speechmatics,57,slurp_ecommerce,audio/open_source/what items are on my shopping list.wav,what items are on my shopping list,What items are on my shopping list.,2295.3
speechmatics,58,slurp_ecommerce,audio/open_source/what items are on my shopping list 2.wav,what items are on my shopping list,What items are on my shopping list.,2161.2
speechmatics,59,slurp_ecommerce,audio/open_source/remind me of how many lists i have.wav,remind me of how many lists i have,Remind me of how many lists I have.,2142.0
speechmatics,60,slurp_ecommerce,audio/open_source/remind me of how many lists i have 2.wav,remind me of how many lists i have,Remind me of how many lists I have.,2088.0
speechmatics,61,slurp_ecommerce,audio/open_source/remind me of how many lists i have 3.wav,remind me of how many lists i have,Remind me of how many lists I have.,2054.1
speechmatics,62,slurp_ecommerce,audio/open_source/remind me of how many lists i have 4.wav,remind me of how many lists i have,Remind me of how many lists I have.,2019.4
speechmatics,63,slurp_ecommerce,audio/open_source/add business contacts to contact list.wav,add business contacts to contact list,At business contacts to contact list.,2049.0
speechmatics,64,slurp_ecommerce,audio/open_source/add business contacts to contact list 2.wav,add business contacts to contact list,And business contacts to contact list.,2047.7
speechmatics,65,slurp_ecommerce,audio/open_source/please find all name start with alphabetic of a and create a list.wav,please find all name start with alphabetic of a and create a list,Please find all. The name starts with alphabet alphabetical and create a list.,2204.5
speechmatics,66,slurp_ecommerce,audio/open_source/delete item.wav,delete item,The Li item.,1818.2
speechmatics,67,slurp_ecommerce,audio/open_source/delete item 2.wav,delete item,Delete item.,1967.4
speechmatics,68,slurp_ecommerce,audio/open_source/delete item 3.wav,delete item,Delete item.,1928.4
speechmatics,69,slurp_ecommerce,audio/open_source/delete item 4.wav,delete item,The late items.,2039.2
speechmatics,70,slurp_ecommerce,audio/open_source/delete item 5.wav,delete item,Delete item.,1942.4
speechmatics,71,slurp_ecommerce,audio/open_source/delete item 6.wav,delete item,Delete item.,1899.7
speechmatics,72,slurp_ecommerce,audio/open_source/delete item 7.wav,delete item,Delete item.,1974.1
speechmatics,73,slurp_ecommerce,audio/open_source/delete item 8.wav,delete item,Delete item.,1996.6
speechmatics,74,slurp_ecommerce,audio/open_source/delete item 9.wav,delete item,Delete item.,1970.5
speechmatics,75,slurp_ecommerce,audio/open_source/delete item 10.wav,delete item,Related items.,2053.1
speechmatics,76,slurp_ecommerce,audio/open_source/delete item 11.wav,delete item,Delete item.,1939.1
speechmatics,77,slurp_ecommerce,audio/open_source/delete item 12.wav,delete item,Delete item.,1939.8
speechmatics,78,slurp_ecommerce,audio/open_source/delete item 13.wav,delete item,Delete item.,1937.3
speechmatics,79,slurp_ecommerce,audio/open_source/delete item 14.wav,delete item,Delete item.,1988.1
speechmatics,80,slurp_ecommerce,audio/open_source/delete item 15.wav,delete item,Delete item.,1909.4
speechmatics,81,slurp_ecommerce,audio/open_source/delete item 16.wav,delete item,Delete item.,1953.5
speechmatics,82,slurp_ecommerce,audio/open_source/delete item 17.wav,delete item,Elite item.,1718.6
speechmatics,83,slurp_ecommerce,audio/open_source/delete item 18.wav,delete item,Delete item.,2129.3
speechmatics,84,slurp_ecommerce,audio/open_source/delete item 19.wav,delete item,Delete item.,1995.9
speechmatics,85,slurp_ecommerce,audio/open_source/delete item 20.wav,delete item,Delete item.,2017.3
speechmatics,86,slurp_ecommerce,audio/open_source/delete item 21.wav,delete item,Delete the item.,1898.6
speechmatics,87,slurp_ecommerce,audio/open_source/delete item 22.wav,delete item,Delete the item.,1904.8
speechmatics,88,slurp_ecommerce,audio/open_source/add detergent to the list of things i need to buy.wav,add detergent to the list of things i need to buy,Detergent to the list of things I need to buy.,2062.5
speechmatics,89,slurp_ecommerce,audio/open_source/add detergent to the list of things i need to buy 2.wav,add detergent to the list of things i need to buy,Add detergent to the list of things I need to buy.,2027.5
speechmatics,90,slurp_ecommerce,audio/open_source/add detergent to the list of things i need to buy 3.wav,add detergent to the list of things i need to buy,I just added to the list of things I need to buy.,7067.6
speechmatics,91,slurp_ecommerce,audio/open_source/olly clear the list.wav,olly clear the list,All clear the list.,5316.7
speechmatics,92,slurp_ecommerce,audio/open_source/olly does shibaru sushi deliver.wav,olly does shibaru sushi deliver,Oliver Bharucha deliver.,2049.0
speechmatics,93,slurp_ecommerce,audio/open_source/olly does shibaru sushi deliver 2.wav,olly does shibaru sushi deliver,All. Does shibori sushi deliver?,2101.7
speechmatics,94,slurp_ecommerce,audio/open_source/olly does shibaru sushi deliver 3.wav,olly does shibaru sushi deliver,What does Chivalry sushi deliver?,2054.9
speechmatics,95,slurp_ecommerce,audio/open_source/olly does shibaru sushi deliver 4.wav,olly does shibaru sushi deliver,Oli the shibori sushi deliver.,2038.3
speechmatics,96,slurp_ecommerce,audio/open_source/olly does shibaru sushi deliver 5.wav,olly does shibaru sushi deliver,Only the shibori sushi deliver.,2050.4
speechmatics,97,slurp_ecommerce,audio/open_source/add this to the list.wav,add this to the list,Add this to the list.,2014.8
speechmatics,98,slurp_ecommerce,audio/open_source/is the last order is ready.wav,is the last order is ready,The last order is ready.,2143.4
speechmatics,99,slurp_ecommerce,audio/open_source/is the last order is ready 2.wav,is the last order is ready,Is. The last order is ready.,2138.7
speechmatics,100,recorded_clean_news,audio/recorded/clean/Any recent news about NASA?.wav,Any recent news about NASA?,Any recent news about NASA.,2919.0
speechmatics,101,recorded_clean_ecommerce,audio/recorded/clean/Find me some shoes similar to Elon Musk.wav,Find me some shoes similar to Elon Musk,Find me some shoes similar to Elon Musk.,2282.9
speechmatics,102,recorded_clean_ecommerce,audio/recorded/clean/Get me some Nike shoes from Amazon.wav,Get me some Nike shoes from Amazon,Get me some Nike shoes from Amazon.,2328.3
speechmatics,103,recorded_clean_news,audio/recorded/clean/Give me news about Trump at UN.wav,Give me news about Trump at UN,Give me news about trumpet. UN.,2301.4
speechmatics,104,recorded_clean_ecommerce,audio/recorded/clean/Looking for some good office chair.wav,Looking for some good office chair,Looking for some good office chair.,2661.1
speechmatics,105,recorded_clean_news,audio/recorded/clean/Show me some news about Trump.wav,Show me some news about Trump,Show me some news about Trump.,2238.7
speechmatics,106,recorded_clean_ecommerce,audio/recorded/clean/Show me some t-shirts from Amazon.com.wav,Show me some t-shirts from Amazon.com,Show me some t shirts from amazon.com.,2268.5
speechmatics,107,recorded_clean_ecommerce,audio/recorded/clean/Show me some wireless headphones from eBay.wav,Show me some wireless headphones from eBay,Show me some wireless headphones from eBay.,2295.9
speechmatics,108,recorded_clean_news,audio/recorded/clean/Tell me some latest news about Barack Obama.wav,Tell me some latest news about Barack Obama,Tell me some latest news about Barack Obama.,2312.0
speechmatics,109,recorded_clean_news,audio/recorded/clean/Trump news.wav,Trump news,Trump news.,2942.9
speechmatics,110,recorded_clean_news,audio/recorded/clean/Well tell me some news about Tom Cruise.wav,Well tell me some news about Tom Cruise,"Well, tell me some news about Tom cruise.",3608.2
speechmatics,111,recorded_clean_news,audio/recorded/clean/What's happening at Washington DC these days?.wav,What's happening at Washington DC these days?,"What's happening at Washington, D.C. these days.",6247.1
speechmatics,112,recorded_clean_news,audio/recorded/clean/What's the news about Apple's new iPhone?.wav,What's the news about Apple's new iPhone?,What's the news about Apple's new iPhone?,1806.6
speechmatics,113,recorded_clean_news,audio/recorded/clean/What's up with Trump these days?.wav,What's up with Trump these days?,What's up with Trump these days?,6283.4
speechmatics,114,recorded_clean_ecommerce,audio/recorded/clean/show me some adidas running shoes.wav,show me some adidas running shoes,Show me some Adidas running shoes.,2321.0
speechmatics,115,recorded_noisy_news,audio/recorded/noisy/Any recent news about NASA?_Claps & Cheers_-5.wav,Any recent news about NASA?,Any recent news about NASA.,2287.5
speechmatics,116,recorded_noisy_news,audio/recorded/noisy/Any recent news about NASA?_Claps & Cheers_0.wav,Any recent news about NASA?,Any recent news about NASA.,4717.0
speechmatics,117,recorded_noisy_news,audio/recorded/noisy/Any recent news about NASA?_Claps & Cheers_10.wav,Any recent news about NASA?,Any recent news about NASA.,3785.1
speechmatics,118,recorded_noisy_news,audio/recorded/noisy/Any recent news about NASA?_Claps & Cheers_5.wav,Any recent news about NASA?,Any recent news about NASA.,2252.7
speechmatics,119,recorded_noisy_news,audio/recorded/noisy/Any recent news about NASA?_Retail Ambient Noise_-5.wav,Any recent news about NASA?,Any decent news about NASA?,2242.2
speechmatics,120,recorded_noisy_news,audio/recorded/noisy/Any recent news about NASA?_Retail Ambient Noise_0.wav,Any recent news about NASA?,Any decent news about NASA?,3731.5
speechmatics,121,recorded_noisy_news,audio/recorded/noisy/Any recent news about NASA?_Retail Ambient Noise_10.wav,Any recent news about NASA?,Any recent news about NASA.,2316.1
speechmatics,122,recorded_noisy_news,audio/recorded/noisy/Any recent news about NASA?_Retail Ambient Noise_5.wav,Any recent news about NASA?,Any recent news about NASA.,2282.8
speechmatics,123,recorded_noisy_news,audio/recorded/noisy/Any recent news about NASA?_Traffic & Wind_-5.wav,Any recent news about NASA?,Any recent news about NASA.,2166.5
speechmatics,124,recorded_noisy_news,audio/recorded/noisy/Any recent news about NASA?_Traffic & Wind_0.wav,Any recent news about NASA?,Any recent news about NASA.,2245.7
speechmatics,125,recorded_noisy_news,audio/recorded/noisy/Any recent news about NASA?_Traffic & Wind_10.wav,Any recent news about NASA?,Any recent news about NASA.,2248.6
speechmatics,126,recorded_noisy_news,audio/recorded/noisy/Any recent news about NASA?_Traffic & Wind_5.wav,Any recent news about NASA?,Any recent news about NASA.,2246.0
speechmatics,127,recorded_noisy_ecommerce,audio/recorded/noisy/Find me some shoes similar to Elon Musk_Claps & Cheers_-5.wav,Find me some shoes similar to Elon Musk,Find me something similar to Elon Musk.,2065.8
speechmatics,128,recorded_noisy_ecommerce,audio/recorded/noisy/Find me some shoes similar to Elon Musk_Claps & Cheers_0.wav,Find me some shoes similar to Elon Musk,"Anyway, some issues similar to Elon Musk.",2271.2
speechmatics,129,recorded_noisy_ecommerce,audio/recorded/noisy/Find me some shoes similar to Elon Musk_Claps & Cheers_10.wav,Find me some shoes similar to Elon Musk,Find some shoes similar to Elon Musk.,3299.8
speechmatics,130,recorded_noisy_ecommerce,audio/recorded/noisy/Find me some shoes similar to Elon Musk_Claps & Cheers_5.wav,Find me some shoes similar to Elon Musk,"Finally, some issues similar to Elon Musk.",2252.3
speechmatics,131,recorded_noisy_ecommerce,audio/recorded/noisy/Find me some shoes similar to Elon Musk_Retail Ambient Noise_-5.wav,Find me some shoes similar to Elon Musk,Similar to Elon Musk.,2230.2
speechmatics,132,recorded_noisy_ecommerce,audio/recorded/noisy/Find me some shoes similar to Elon Musk_Retail Ambient Noise_0.wav,Find me some shoes similar to Elon Musk,Similar to Elon Musk.,2355.7
speechmatics,133,recorded_noisy_ecommerce,audio/recorded/noisy/Find me some shoes similar to Elon Musk_Retail Ambient Noise_10.wav,Find me some shoes similar to Elon Musk,Trying to make some issues similar to Elon Musk.,2195.3
speechmatics,134,recorded_noisy_ecommerce,audio/recorded/noisy/Find me some shoes similar to Elon Musk_Retail Ambient Noise_5.wav,Find me some shoes similar to Elon Musk,Find me some issues similar to Elon Musk.,3483.1
speechmatics,135,recorded_noisy_ecommerce,audio/recorded/noisy/Find me some shoes similar to Elon Musk_Traffic & Wind_-5.wav,Find me some shoes similar to Elon Musk,Very similar to Elon Musk.,2435.1
speechmatics,136,recorded_noisy_ecommerce,audio/recorded/noisy/Find me some shoes similar to Elon Musk_Traffic & Wind_0.wav,Find me some shoes similar to Elon Musk,Find a solution similar to Elon Musk.,2303.8
speechmatics,137,recorded_noisy_ecommerce,audio/recorded/noisy/Find me some shoes similar to Elon Musk_Traffic & Wind_10.wav,Find me some shoes similar to Elon Musk,Find me some shoes similar to Elon Musk.,2396.7
speechmatics,138,recorded_noisy_ecommerce,audio/recorded/noisy/Find me some shoes similar to Elon Musk_Traffic & Wind_5.wav,Find me some shoes similar to Elon Musk,Find me some issues similar to Elon Musk.,2241.9
speechmatics,139,recorded_noisy_ecommerce,audio/recorded/noisy/Get me some Nike shoes from Amazon_Claps & Cheers_-5.wav,Get me some Nike shoes from Amazon,Get me some Nike shoes from Amazon.,2231.2
speechmatics,140,recorded_noisy_ecommerce,audio/recorded/noisy/Get me some Nike shoes from Amazon_Claps & Cheers_0.wav,Get me some Nike shoes from Amazon,Get me some Nike shoes from Amazon.,2313.4
speechmatics,141,recorded_noisy_ecommerce,audio/recorded/noisy/Get me some Nike shoes from Amazon_Claps & Cheers_10.wav,Get me some Nike shoes from Amazon,Get me some Nike shoes from Amazon.,2230.5
speechmatics,142,recorded_noisy_ecommerce,audio/recorded/noisy/Get me some Nike shoes from Amazon_Claps & Cheers_5.wav,Get me some Nike shoes from Amazon,Get me some Nike shoes from Amazon.,2310.3
speechmatics,143,recorded_noisy_ecommerce,audio/recorded/noisy/Get me some Nike shoes from Amazon_Retail Ambient Noise_-5.wav,Get me some Nike shoes from Amazon,Good night.,2274.5
speechmatics,144,recorded_noisy_ecommerce,audio/recorded/noisy/Get me some Nike shoes from Amazon_Retail Ambient Noise_0.wav,Get me some Nike shoes from Amazon,Get me some Nike shoes from Amazon.,2330.8
speechmatics,145,recorded_noisy_ecommerce,audio/recorded/noisy/Get me some Nike shoes from Amazon_Retail Ambient Noise_10.wav,Get me some Nike shoes from Amazon,Get me some Nike shoes from Amazon.,2298.8
speechmatics,146,recorded_noisy_ecommerce,audio/recorded/noisy/Get me some Nike shoes from Amazon_Retail Ambient Noise_5.wav,Get me some Nike shoes from Amazon,Get me some Nike shoes from Amazon.,2354.7
speechmatics,147,recorded_noisy_ecommerce,audio/recorded/noisy/Get me some Nike shoes from Amazon_Traffic & Wind_-5.wav,Get me some Nike shoes from Amazon,Get me some Nike shoes from Amazon.,2356.1
speechmatics,148,recorded_noisy_ecommerce,audio/recorded/noisy/Get me some Nike shoes from Amazon_Traffic & Wind_0.wav,Get me some Nike shoes from Amazon,Get me some Nike shoes from Amazon.,2331.4
speechmatics,149,recorded_noisy_ecommerce,audio/recorded/noisy/Get me some Nike shoes from Amazon_Traffic & Wind_10.wav,Get me some Nike shoes from Amazon,Get me some Nike shoes from Amazon.,2223.9
speechmatics,150,recorded_noisy_ecommerce,audio/recorded/noisy/Get me some Nike shoes from Amazon_Traffic & Wind_5.wav,Get me some Nike shoes from Amazon,Get me some Nike shoes from Amazon.,2176.6
speechmatics,151,recorded_noisy_news,audio/recorded/noisy/Give me news about Trump at UN_Claps & Cheers_-5.wav,Give me news about Trump at UN,Give me news about Trump at UN.,2171.9
speechmatics,152,recorded_noisy_news,audio/recorded/noisy/Give me news about Trump at UN_Claps & Cheers_0.wav,Give me news about Trump at UN,Give me news about Trump at the UN.,2165.6
speechmatics,153,recorded_noisy_news,audio/recorded/noisy/Give me news about Trump at UN_Claps & Cheers_10.wav,Give me news about Trump at UN,Give me news about Trump at UN.,2272.0
speechmatics,154,recorded_noisy_news,audio/recorded/noisy/Give me news about Trump at UN_Claps & Cheers_5.wav,Give me news about Trump at UN,Give me news about Trump at UN.,2222.2
speechmatics,155,recorded_noisy_news,audio/recorded/noisy/Give me news about Trump at UN_Retail Ambient Noise_-5.wav,Give me news about Trump at UN,Give me news about.,2176.4
speechmatics,156,recorded_noisy_news,audio/recorded/noisy/Give me news about Trump at UN_Retail Ambient Noise_0.wav,Give me news about Trump at UN,Give me news about you and.,2465.4
speechmatics,157,recorded_noisy_news,audio/recorded/noisy/Give me news about Trump at UN_Retail Ambient Noise_10.wav,Give me news about Trump at UN,Give me news about Trump at UN.,2376.0
speechmatics,158,recorded_noisy_news,audio/recorded/noisy/Give me news about Trump at UN_Retail Ambient Noise_5.wav,Give me news about Trump at UN,Give me news about Trump at UN.,2365.8
speechmatics,159,recorded_noisy_news,audio/recorded/noisy/Give me news about Trump at UN_Traffic & Wind_-5.wav,Give me news about Trump at UN,Give me news about trumpet. UN.,2337.2
speechmatics,160,recorded_noisy_news,audio/recorded/noisy/Give me news about Trump at UN_Traffic & Wind_0.wav,Give me news about Trump at UN,Give me news about Trump at UN.,2339.0
speechmatics,161,recorded_noisy_news,audio/recorded/noisy/Give me news about Trump at UN_Traffic & Wind_10.wav,Give me news about Trump at UN,Give me news about Trump at UN.,2293.5
speechmatics,162,recorded_noisy_news,audio/recorded/noisy/Give me news about Trump at UN_Traffic & Wind_5.wav,Give me news about Trump at UN,Give me news about Trump at UN.,2194.1
speechmatics,163,recorded_noisy_ecommerce,audio/recorded/noisy/Looking for some good office chair_Claps & Cheers_-5.wav,Looking for some good office chair,Looking for some good official.,2198.1
speechmatics,164,recorded_noisy_ecommerce,audio/recorded/noisy/Looking for some good office chair_Claps & Cheers_0.wav,Looking for some good office chair,Looking for some good office chair.,2122.8
speechmatics,165,recorded_noisy_ecommerce,audio/recorded/noisy/Looking for some good office chair_Claps & Cheers_10.wav,Looking for some good office chair,Looking for some good office chair.,2240.0
speechmatics,166,recorded_noisy_ecommerce,audio/recorded/noisy/Looking for some good office chair_Claps & Cheers_5.wav,Looking for some good office chair,Looking for some good office chair.,2229.7
speechmatics,167,recorded_noisy_ecommerce,audio/recorded/noisy/Looking for some good office chair_Retail Ambient Noise_-5.wav,Looking for some good office chair,Looking for some good.,1596.9
speechmatics,168,recorded_noisy_ecommerce,audio/recorded/noisy/Looking for some good office chair_Retail Ambient Noise_0.wav,Looking for some good office chair,Looking for some good offers here.,2140.4
speechmatics,169,recorded_noisy_ecommerce,audio/recorded/noisy/Looking for some good office chair_Retail Ambient Noise_10.wav,Looking for some good office chair,Looking for some good office chair.,2264.0
speechmatics,170,recorded_noisy_ecommerce,audio/recorded/noisy/Looking for some good office chair_Retail Ambient Noise_5.wav,Looking for some good office chair,Looking for some good office chair.,2270.7
speechmatics,171,recorded_noisy_ecommerce,audio/recorded/noisy/Looking for some good office chair_Traffic & Wind_-5.wav,Looking for some good office chair,Looking for some good office chair.,2132.0
speechmatics,172,recorded_noisy_ecommerce,audio/recorded/noisy/Looking for some good office chair_Traffic & Wind_0.wav,Looking for some good office chair,Looking for some good office chair.,2159.4
speechmatics,173,recorded_noisy_ecommerce,audio/recorded/noisy/Looking for some good office chair_Traffic & Wind_10.wav,Looking for some good office chair,Looking for some good office chair.,1894.2
speechmatics,174,recorded_noisy_ecommerce,audio/recorded/noisy/Looking for some good office chair_Traffic & Wind_5.wav,Looking for some good office chair,Looking for some good office chair.,2171.7
speechmatics,175,recorded_noisy_news,audio/recorded/noisy/Show me some news about Trump_Claps & Cheers_-5.wav,Show me some news about Trump,Show me some news about Trump.,2290.2
speechmatics,176,recorded_noisy_news,audio/recorded/noisy/Show me some news about Trump_Claps & Cheers_0.wav,Show me some news about Trump,Show me some news about Trump.,2020.1
speechmatics,177,recorded_noisy_news,audio/recorded/noisy/Show me some news about Trump_Claps & Cheers_10.wav,Show me some news about Trump,Show me some news about Trump.,1668.4
speechmatics,178,recorded_noisy_news,audio/recorded/noisy/Show me some news about Trump_Claps & Cheers_5.wav,Show me some news about Trump,Show me some news about Trump.,2252.3
speechmatics,179,recorded_noisy_news,audio/recorded/noisy/Show me some news about Trump_Retail Ambient Noise_-5.wav,Show me some news about Trump,Show me some news about.,2247.9
speechmatics,180,recorded_noisy_news,audio/recorded/noisy/Show me some news about Trump_Retail Ambient Noise_0.wav,Show me some news about Trump,Show me some news about Trump.,3275.6
speechmatics,181,recorded_noisy_news,audio/recorded/noisy/Show me some news about Trump_Retail Ambient Noise_10.wav,Show me some news about Trump,Show me some news about Trump.,2353.2
speechmatics,182,recorded_noisy_news,audio/recorded/noisy/Show me some news about Trump_Retail Ambient Noise_5.wav,Show me some news about Trump,Show me some news about Trump.,2255.0
speechmatics,183,recorded_noisy_news,audio/recorded/noisy/Show me some news about Trump_Traffic & Wind_-5.wav,Show me some news about Trump,Show me some news about Trump.,2458.7
speechmatics,184,recorded_noisy_news,audio/recorded/noisy/Show me some news about Trump_Traffic & Wind_0.wav,Show me some news about Trump,Show me some news about Trump.,2248.4
speechmatics,185,recorded_noisy_news,audio/recorded/noisy/Show me some news about Trump_Traffic & Wind_10.wav,Show me some news about Trump,Show me some news about Trump.,2328.7
speechmatics,186,recorded_noisy_news,audio/recorded/noisy/Show me some news about Trump_Traffic & Wind_5.wav,Show me some news about Trump,Show me some news about Trump.,2458.7
speechmatics,187,recorded_noisy_ecommerce,audio/recorded/noisy/Show me some t-shirts from Amazon.com_Claps & Cheers_-5.wav,Show me some t-shirts from Amazon.com,Show me some t shirts from amazon.com.,2237.5
speechmatics,188,recorded_noisy_ecommerce,audio/recorded/noisy/Show me some t-shirts from Amazon.com_Claps & Cheers_0.wav,Show me some t-shirts from Amazon.com,Show me some t shirts from amazon.com.,2274.9
speechmatics,189,recorded_noisy_ecommerce,audio/recorded/noisy/Show me some t-shirts from Amazon.com_Claps & Cheers_10.wav,Show me some t-shirts from Amazon.com,Show me some t shirts from amazon.com.,2385.1
speechmatics,190,recorded_noisy_ecommerce,audio/recorded/noisy/Show me some t-shirts from Amazon.com_Claps & Cheers_5.wav,Show me some t-shirts from Amazon.com,Show me some t shirts from amazon.com.,2250.9
speechmatics,191,recorded_noisy_ecommerce,audio/recorded/noisy/Show me some t-shirts from Amazon.com_Retail Ambient Noise_-5.wav,Show me some t-shirts from Amazon.com,Show me some t shirts from amazon.com.,2220.4
speechmatics,192,recorded_noisy_ecommerce,audio/recorded/noisy/Show me some t-shirts from Amazon.com_Retail Ambient Noise_0.wav,Show me some t-shirts from Amazon.com,Show me some t shirts from amazon.com.,2262.9
speechmatics,193,recorded_noisy_ecommerce,audio/recorded/noisy/Show me some t-shirts from Amazon.com_Retail Ambient Noise_10.wav,Show me some t-shirts from Amazon.com,Show me some t shirts from amazon.com.,1501.6
speechmatics,194,recorded_noisy_ecommerce,audio/recorded/noisy/Show me some t-shirts from Amazon.com_Retail Ambient Noise_5.wav,Show me some t-shirts from Amazon.com,Show me some t shirts from amazon.com.,2356.1
speechmatics,195,recorded_noisy_ecommerce,audio/recorded/noisy/Show me some t-shirts from Amazon.com_Traffic & Wind_-5.wav,Show me some t-shirts from Amazon.com,Show me some t shirts from amazon.com.,2289.6
speechmatics,196,recorded_noisy_ecommerce,audio/recorded/noisy/Show me some t-shirts from Amazon.com_Traffic & Wind_0.wav,Show me some t-shirts from Amazon.com,Show me some t shirts from amazon.com.,2328.1
speechmatics,197,recorded_noisy_ecommerce,audio/recorded/noisy/Show me some t-shirts from Amazon.com_Traffic & Wind_10.wav,Show me some t-shirts from Amazon.com,Show me some t shirts from amazon.com.,2289.6
speechmatics,198,recorded_noisy_ecommerce,audio/recorded/noisy/Show me some t-shirts from Amazon.com_Traffic & Wind_5.wav,Show me some t-shirts from Amazon.com,Show me some t shirts from amazon.com.,2347.4
speechmatics,199,recorded_noisy_ecommerce,audio/recorded/noisy/Show me some wireless headphones from eBay_Claps & Cheers_-5.wav,Show me some wireless headphones from eBay,Show me some wireless headphones from eBay.,2480.4
speechmatics,200,recorded_noisy_ecommerce,audio/recorded/noisy/Show me some wireless headphones from eBay_Claps & Cheers_0.wav,Show me some wireless headphones from eBay,Show me some wireless headphones from eBay.,3309.5
speechmatics,201,recorded_noisy_ecommerce,audio/recorded/noisy/Show me some wireless headphones from eBay_Claps & Cheers_10.wav,Show me some wireless headphones from eBay,Show me some wireless headphones from eBay.,2334.2
speechmatics,202,recorded_noisy_ecommerce,audio/recorded/noisy/Show me some wireless headphones from eBay_Claps & Cheers_5.wav,Show me some wireless headphones from eBay,Show me some wireless headphones from eBay.,2758.4
speechmatics,203,recorded_noisy_ecommerce,audio/recorded/noisy/Show me some wireless headphones from eBay_Retail Ambient Noise_-5.wav,Show me some wireless headphones from eBay,Show me some.,2222.8
speechmatics,204,recorded_noisy_ecommerce,audio/recorded/noisy/Show me some wireless headphones from eBay_Retail Ambient Noise_0.wav,Show me some wireless headphones from eBay,Show me some wireless headphones from eBay.,2164.4
speechmatics,205,recorded_noisy_ecommerce,audio/recorded/noisy/Show me some wireless headphones from eBay_Retail Ambient Noise_10.wav,Show me some wireless headphones from eBay,Show me some wireless headphones from eBay.,2380.4
speechmatics,206,recorded_noisy_ecommerce,audio/recorded/noisy/Show me some wireless headphones from eBay_Retail Ambient Noise_5.wav,Show me some wireless headphones from eBay,Show me some wireless headphones from eBay.,2156.0
speechmatics,207,recorded_noisy_ecommerce,audio/recorded/noisy/Show me some wireless headphones from eBay_Traffic & Wind_-5.wav,Show me some wireless headphones from eBay,Show me some wireless headphones from eBay.,2221.4
speechmatics,208,recorded_noisy_ecommerce,audio/recorded/noisy/Show me some wireless headphones from eBay_Traffic & Wind_0.wav,Show me some wireless headphones from eBay,Show me some wireless headphones from eBay.,2326.7
speechmatics,209,recorded_noisy_ecommerce,audio/recorded/noisy/Show me some wireless headphones from eBay_Traffic & Wind_10.wav,Show me some wireless headphones from eBay,Show me some wireless headphones from eBay.,2323.4
speechmatics,210,recorded_noisy_ecommerce,audio/recorded/noisy/Show me some wireless headphones from eBay_Traffic & Wind_5.wav,Show me some wireless headphones from eBay,Show me some wireless headphones from eBay.,3027.9
speechmatics,211,recorded_noisy_news,audio/recorded/noisy/Tell me some latest news about Barack Obama_Claps & Cheers_-5.wav,Tell me some latest news about Barack Obama,Tell me some latest news about Barack Obama.,2270.5
speechmatics,212,recorded_noisy_news,audio/recorded/noisy/Tell me some latest news about Barack Obama_Claps & Cheers_0.wav,Tell me some latest news about Barack Obama,Tell me some latest news about Barack Obama.,2258.7
speechmatics,213,recorded_noisy_news,audio/recorded/noisy/Tell me some latest news about Barack Obama_Claps & Cheers_10.wav,Tell me some latest news about Barack Obama,Tell me some latest news about Barack Obama.,2329.6
speechmatics,214,recorded_noisy_news,audio/recorded/noisy/Tell me some latest news about Barack Obama_Claps & Cheers_5.wav,Tell me some latest news about Barack Obama,Tell me some latest news about Barack Obama.,2371.9
speechmatics,215,recorded_noisy_news,audio/recorded/noisy/Tell me some latest news about Barack Obama_Retail Ambient Noise_-5.wav,Tell me some latest news about Barack Obama,Tell me about Barack Obama.,2365.5
speechmatics,216,recorded_noisy_news,audio/recorded/noisy/Tell me some latest news about Barack Obama_Retail Ambient Noise_0.wav,Tell me some latest news about Barack Obama,Tell me some latest news about Barack Obama.,2551.5
speechmatics,217,recorded_noisy_news,audio/recorded/noisy/Tell me some latest news about Barack Obama_Retail Ambient Noise_10.wav,Tell me some latest news about Barack Obama,Tell me some latest news about Barack Obama.,2349.7
speechmatics,218,recorded_noisy_news,audio/recorded/noisy/Tell me some latest news about Barack Obama_Retail Ambient Noise_5.wav,Tell me some latest news about Barack Obama,Tell me some latest news about Barack Obama.,2201.7
speechmatics,219,recorded_noisy_news,audio/recorded/noisy/Tell me some latest news about Barack Obama_Traffic & Wind_-5.wav,Tell me some latest news about Barack Obama,Tell me some latest news about Barack Obama.,2205.2
speechmatics,220,recorded_noisy_news,audio/recorded/noisy/Tell me some latest news about Barack Obama_Traffic & Wind_0.wav,Tell me some latest news about Barack Obama,Tell me some latest news about Barack Obama.,3218.4
speechmatics,221,recorded_noisy_news,audio/recorded/noisy/Tell me some latest news about Barack Obama_Traffic & Wind_10.wav,Tell me some latest news about Barack Obama,Tell me some latest news about Barack Obama.,2366.4
speechmatics,222,recorded_noisy_news,audio/recorded/noisy/Tell me some latest news about Barack Obama_Traffic & Wind_5.wav,Tell me some latest news about Barack Obama,Tell me some latest news about Barack Obama.,2465.1
speechmatics,223,recorded_noisy_news,audio/recorded/noisy/Trump news_Claps & Cheers_-5.wav,Trump news,Trump news.,2124.8
speechmatics,224,recorded_noisy_news,audio/recorded/noisy/Trump news_Claps & Cheers_0.wav,Trump news,Trump news.,2245.0
speechmatics,225,recorded_noisy_news,audio/recorded/noisy/Trump news_Claps & Cheers_10.wav,Trump news,Trump news.,2093.0
speechmatics,226,recorded_noisy_news,audio/recorded/noisy/Trump news_Claps & Cheers_5.wav,Trump news,Trump news.,2254.3
speechmatics,227,recorded_noisy_news,audio/recorded/noisy/Trump news_Retail Ambient Noise_-5.wav,Trump news,From the news.,2131.5
speechmatics,228,recorded_noisy_news,audio/recorded/noisy/Trump news_Retail Ambient Noise_0.wav,Trump news,Trump news.,2251.8
speechmatics,229,recorded_noisy_news,audio/recorded/noisy/Trump news_Retail Ambient Noise_10.wav,Trump news,Trump news.,2254.2
speechmatics,230,recorded_noisy_news,audio/recorded/noisy/Trump news_Retail Ambient Noise_5.wav,Trump news,Trump news.,2146.4
speechmatics,231,recorded_noisy_news,audio/recorded/noisy/Trump news_Traffic & Wind_-5.wav,Trump news,Trump news.,2454.5
speechmatics,232,recorded_noisy_news,audio/recorded/noisy/Trump news_Traffic & Wind_0.wav,Trump news,Trump news.,2252.0
speechmatics,233,recorded_noisy_news,audio/recorded/noisy/Trump news_Traffic & Wind_10.wav,Trump news,Trump news.,2225.3
speechmatics,234,recorded_noisy_news,audio/recorded/noisy/Trump news_Traffic & Wind_5.wav,Trump news,Trump news.,2224.6
speechmatics,235,recorded_noisy_news,audio/recorded/noisy/Well tell me some news about Tom Cruise_Claps & Cheers_-5.wav,Well tell me some news about Tom Cruise,"Well, tell me some news about Tom cruise.",2308.8
speechmatics,236,recorded_noisy_news,audio/recorded/noisy/Well tell me some news about Tom Cruise_Claps & Cheers_0.wav,Well tell me some news about Tom Cruise,"Well, tell me some news about Tom cruise.",2349.0
speechmatics,237,recorded_noisy_news,audio/recorded/noisy/Well tell me some news about Tom Cruise_Claps & Cheers_10.wav,Well tell me some news about Tom Cruise,"Well, tell me some news about Tom cruise.",2275.9
speechmatics,238,recorded_noisy_news,audio/recorded/noisy/Well tell me some news about Tom Cruise_Claps & Cheers_5.wav,Well tell me some news about Tom Cruise,"Well, tell me some news about Tom cruise.",2377.2
speechmatics,239,recorded_noisy_news,audio/recorded/noisy/Well tell me some news about Tom Cruise_Retail Ambient Noise_-5.wav,Well tell me some news about Tom Cruise,Well to.,2275.7
speechmatics,240,recorded_noisy_news,audio/recorded/noisy/Well tell me some news about Tom Cruise_Retail Ambient Noise_0.wav,Well tell me some news about Tom Cruise,"Well, tell me some news about Tom cruise.",3178.3
speechmatics,241,recorded_noisy_news,audio/recorded/noisy/Well tell me some news about Tom Cruise_Retail Ambient Noise_10.wav,Well tell me some news about Tom Cruise,"Well, tell me some news about Tom cruise.",2376.9
speechmatics,242,recorded_noisy_news,audio/recorded/noisy/Well tell me some news about Tom Cruise_Retail Ambient Noise_5.wav,Well tell me some news about Tom Cruise,"Well, tell me some news about Tom cruise.",3889.0
speechmatics,243,recorded_noisy_news,audio/recorded/noisy/Well tell me some news about Tom Cruise_Traffic & Wind_-5.wav,Well tell me some news about Tom Cruise,"Well, tell me some news about Tom cruise.",3931.8
speechmatics,244,recorded_noisy_news,audio/recorded/noisy/Well tell me some news about Tom Cruise_Traffic & Wind_0.wav,Well tell me some news about Tom Cruise,"Well, tell me some news about Tom cruise.",2458.4
speechmatics,245,recorded_noisy_news,audio/recorded/noisy/Well tell me some news about Tom Cruise_Traffic & Wind_10.wav,Well tell me some news about Tom Cruise,"Well, tell me some news about Tom cruise.",2315.9
speechmatics,246,recorded_noisy_news,audio/recorded/noisy/Well tell me some news about Tom Cruise_Traffic & Wind_5.wav,Well tell me some news about Tom Cruise,"Well, tell me some news about Tom cruise.",2456.9
speechmatics,247,recorded_noisy_news,audio/recorded/noisy/What's happening at Washington DC these days?_Claps & Cheers_-5.wav,What's happening at Washington DC these days?,"What's happening at Washington, D.C. these days.",2276.0
speechmatics,248,recorded_noisy_news,audio/recorded/noisy/What's happening at Washington DC these days?_Claps & Cheers_0.wav,What's happening at Washington DC these days?,"What's happening at Washington, D.C. these days.",2270.3
speechmatics,249,recorded_noisy_news,audio/recorded/noisy/What's happening at Washington DC these days?_Claps & Cheers_10.wav,What's happening at Washington DC these days?,"What's happening at Washington, D.C. these days.",2437.0
speechmatics,250,recorded_noisy_news,audio/recorded/noisy/What's happening at Washington DC these days?_Claps & Cheers_5.wav,What's happening at Washington DC these days?,"What's happening at Washington, D.C. these days.",2437.6
speechmatics,251,recorded_noisy_news,audio/recorded/noisy/What's happening at Washington DC these days?_Retail Ambient Noise_-5.wav,What's happening at Washington DC these days?,"What's happening at Washington, D.C. these days.",2243.0
speechmatics,252,recorded_noisy_news,audio/recorded/noisy/What's happening at Washington DC these days?_Retail Ambient Noise_0.wav,What's happening at Washington DC these days?,"What's happening at Washington, D.C. these days.",2208.3
speechmatics,253,recorded_noisy_news,audio/recorded/noisy/What's happening at Washington DC these days?_Retail Ambient Noise_10.wav,What's happening at Washington DC these days?,"What's happening at Washington, D.C. these days.",2913.6
speechmatics,254,recorded_noisy_news,audio/recorded/noisy/What's happening at Washington DC these days?_Retail Ambient Noise_5.wav,What's happening at Washington DC these days?,"What's happening at Washington, D.C. these days.",2296.5
speechmatics,255,recorded_noisy_news,audio/recorded/noisy/What's happening at Washington DC these days?_Traffic & Wind_-5.wav,What's happening at Washington DC these days?,What is happening at Washington DC these days.,2311.0
speechmatics,256,recorded_noisy_news,audio/recorded/noisy/What's happening at Washington DC these days?_Traffic & Wind_0.wav,What's happening at Washington DC these days?,"What's happening at Washington, D.C. these days.",2278.7
speechmatics,257,recorded_noisy_news,audio/recorded/noisy/What's happening at Washington DC these days?_Traffic & Wind_10.wav,What's happening at Washington DC these days?,"What's happening at Washington, D.C. these days.",2260.9
speechmatics,258,recorded_noisy_news,audio/recorded/noisy/What's happening at Washington DC these days?_Traffic & Wind_5.wav,What's happening at Washington DC these days?,"What's happening at Washington, D.C. these days.",2216.6
speechmatics,259,recorded_noisy_news,audio/recorded/noisy/What's the news about Apple's new iPhone?_Claps & Cheers_-5.wav,What's the news about Apple's new iPhone?,What's the news about Apple's new iPhone?,2346.9
speechmatics,260,recorded_noisy_news,audio/recorded/noisy/What's the news about Apple's new iPhone?_Claps & Cheers_0.wav,What's the news about Apple's new iPhone?,What's the news about Apple's new iPhone?,2362.4
speechmatics,261,recorded_noisy_news,audio/recorded/noisy/What's the news about Apple's new iPhone?_Claps & Cheers_10.wav,What's the news about Apple's new iPhone?,What's the news about Apple's new iPhone?,2345.3
speechmatics,262,recorded_noisy_news,audio/recorded/noisy/What's the news about Apple's new iPhone?_Claps & Cheers_5.wav,What's the news about Apple's new iPhone?,What's the news about Apple's new iPhone?,2530.4
speechmatics,263,recorded_noisy_news,audio/recorded/noisy/What's the news about Apple's new iPhone?_Retail Ambient Noise_-5.wav,What's the news about Apple's new iPhone?,What's the.,2362.6
speechmatics,264,recorded_noisy_news,audio/recorded/noisy/What's the news about Apple's new iPhone?_Retail Ambient Noise_0.wav,What's the news about Apple's new iPhone?,What's the news about Apple's new iPhone?,2382.0
speechmatics,265,recorded_noisy_news,audio/recorded/noisy/What's the news about Apple's new iPhone?_Retail Ambient Noise_10.wav,What's the news about Apple's new iPhone?,What's the news about Apple's new iPhone?,2242.1
speechmatics,266,recorded_noisy_news,audio/recorded/noisy/What's the news about Apple's new iPhone?_Retail Ambient Noise_5.wav,What's the news about Apple's new iPhone?,What's the news about Apple's new iPhone?,2418.2
speechmatics,267,recorded_noisy_news,audio/recorded/noisy/What's the news about Apple's new iPhone?_Traffic & Wind_-5.wav,What's the news about Apple's new iPhone?,What's the news about Apple's new iPhone?,2260.9
speechmatics,268,recorded_noisy_news,audio/recorded/noisy/What's the news about Apple's new iPhone?_Traffic & Wind_0.wav,What's the news about Apple's new iPhone?,What's the news about Apple's new iPhone?,2386.9
speechmatics,269,recorded_noisy_news,audio/recorded/noisy/What's the news about Apple's new iPhone?_Traffic & Wind_10.wav,What's the news about Apple's new iPhone?,What's the news about Apple's new iPhone?,2459.0
speechmatics,270,recorded_noisy_news,audio/recorded/noisy/What's the news about Apple's new iPhone?_Traffic & Wind_5.wav,What's the news about Apple's new iPhone?,What's the news about Apple's new iPhone?,2222.0
speechmatics,271,recorded_noisy_news,audio/recorded/noisy/What's up with Trump these days?_Claps & Cheers_-5.wav,What's up with Trump these days?,What's up with Trump these days?,2283.2
speechmatics,272,recorded_noisy_news,audio/recorded/noisy/What's up with Trump these days?_Claps & Cheers_0.wav,What's up with Trump these days?,What's up with Trump these days?,2386.8
speechmatics,273,recorded_noisy_news,audio/recorded/noisy/What's up with Trump these days?_Claps & Cheers_10.wav,What's up with Trump these days?,What's up with Trump these days?,2322.5
speechmatics,274,recorded_noisy_news,audio/recorded/noisy/What's up with Trump these days?_Claps & Cheers_5.wav,What's up with Trump these days?,What's up with Trump these days?,2359.0
speechmatics,275,recorded_noisy_news,audio/recorded/noisy/What's up with Trump these days?_Retail Ambient Noise_-5.wav,What's up with Trump these days?,These days.,2811.0
speechmatics,276,recorded_noisy_news,audio/recorded/noisy/What's up with Trump these days?_Retail Ambient Noise_0.wav,What's up with Trump these days?,What's up with Trump? These days.,2263.2
speechmatics,277,recorded_noisy_news,audio/recorded/noisy/What's up with Trump these days?_Retail Ambient Noise_10.wav,What's up with Trump these days?,What's up with Trump these days?,2204.7
speechmatics,278,recorded_noisy_news,audio/recorded/noisy/What's up with Trump these days?_Retail Ambient Noise_5.wav,What's up with Trump these days?,What's up with Trump these days?,7218.6
speechmatics,279,recorded_noisy_news,audio/recorded/noisy/What's up with Trump these days?_Traffic & Wind_-5.wav,What's up with Trump these days?,What's up with Trump these days?,6183.8
speechmatics,280,recorded_noisy_news,audio/recorded/noisy/What's up with Trump these days?_Traffic & Wind_0.wav,What's up with Trump these days?,What's up with Trump these days?,2206.8
speechmatics,281,recorded_noisy_news,audio/recorded/noisy/What's up with Trump these days?_Traffic & Wind_10.wav,What's up with Trump these days?,What's up with Trump these days?,2194.4
speechmatics,282,recorded_noisy_news,audio/recorded/noisy/What's up with Trump these days?_Traffic & Wind_5.wav,What's up with Trump these days?,What's up with Trump these days?,2338.3
speechmatics,283,recorded_noisy_ecommerce,audio/recorded/noisy/show me some adidas running shoes_Claps & Cheers_-5.wav,show me some adidas running shoes,Show me some Adidas running shoes.,2271.0
speechmatics,284,recorded_noisy_ecommerce,audio/recorded/noisy/show me some adidas running shoes_Claps & Cheers_0.wav,show me some adidas running shoes,Show me some Adidas running shoes.,2342.9
speechmatics,285,recorded_noisy_ecommerce,audio/recorded/noisy/show me some adidas running shoes_Claps & Cheers_10.wav,show me some adidas running shoes,Show me some Adidas running shoes.,2322.0
speechmatics,286,recorded_noisy_ecommerce,audio/recorded/noisy/show me some adidas running shoes_Claps & Cheers_5.wav,show me some adidas running shoes,Show me some Adidas running shoes.,2518.0
speechmatics,287,recorded_noisy_ecommerce,audio/recorded/noisy/show me some adidas running shoes_Retail Ambient Noise_-5.wav,show me some adidas running shoes,Show me some $30 running shoes.,2656.1
speechmatics,288,recorded_noisy_ecommerce,audio/recorded/noisy/show me some adidas running shoes_Retail Ambient Noise_0.wav,show me some adidas running shoes,Show me some Adidas running shoes.,2258.6
speechmatics,289,recorded_noisy_ecommerce,audio/recorded/noisy/show me some adidas running shoes_Retail Ambient Noise_10.wav,show me some adidas running shoes,Show me some Adidas running shoes.,2279.0
speechmatics,290,recorded_noisy_ecommerce,audio/recorded/noisy/show me some adidas running shoes_Retail Ambient Noise_5.wav,show me some adidas running shoes,Show me some Adidas running shoes.,2312.4
speechmatics,291,recorded_noisy_ecommerce,audio/recorded/noisy/show me some adidas running shoes_Traffic & Wind_-5.wav,show me some adidas running shoes,Show me some Adidas running shoes.,2253.6
speechmatics,292,recorded_noisy_ecommerce,audio/recorded/noisy/show me some adidas running shoes_Traffic & Wind_0.wav,show me some adidas running shoes,Show me some Adidas running shoes.,2453.8
speechmatics,293,recorded_noisy_ecommerce,audio/recorded/noisy/show me some adidas running shoes_Traffic & Wind_10.wav,show me some adidas running shoes,Show me some Adidas running shoes.,2554.7
speechmatics,294,recorded_noisy_ecommerce,audio/recorded/noisy/show me some adidas running shoes_Traffic & Wind_5.wav,show me some adidas running shoes,Show me some Adidas running shoes.,2567.6
